longitude,latitude,sea_temperature
-79.1,-4.29,0.0
-79.1,-4.04,0.0
-79.1,-3.79,0.0
-79.1,-3.54,0.0
-79.1,-3.29,0.0
-79.1,-3.04,0.0
-79.1,-2.79,0.0
-79.1,-2.54,0.0
-79.1,-2.29,0.0
-79.1,-2.04,0.0
-79.1,-1.79,0.0
-79.1,-1.54,0.0
-79.1,-1.29,0.0
-79.1,-1.04,0.0
-79.1,-0.79,0.0
-79.1,-0.54,0.0
-79.1,-0.29,0.0
-79.1,-0.04,0.0
-79.1,0.21,0.0
-79.1,0.46,0.0
-79.1,0.71,0.0
-79.1,0.96,0.0
-79.1,1.21,26.532324
-79.1,1.46,26.643194
-79.1,1.71,26.410137
-79.1,1.96,26.358494
-79.1,2.21,26.432407
-79.1,2.46,26.435057
-79.1,2.71,26.456724
-79.1,2.96,26.548334
-79.1,3.21,26.77128
-79.1,3.46,26.965454
-79.1,3.71,27.069101
-79.1,3.96,27.17227
-79.1,4.21,27.271099
-79.1,4.46,27.332735
-79.1,4.71,27.374388
-79.1,4.96,27.345257
-79.1,5.21,27.251118
-79.1,5.46,27.185749
-79.1,5.71,27.119904
-79.1,5.96,27.20429
-79.1,6.21,27.303244
-79.1,6.46,27.253405
-79.1,6.71,27.332375
-79.1,6.96,27.436625
-79.1,7.21,27.424587
-79.1,7.46,27.404242
-79.1,7.71,27.493807
-79.1,7.96,27.476591
-79.1,8.21,27.566034
-79.1,8.46,27.696407
-79.1,8.71,27.854828
-79.1,8.96,28.019629
-79.1,9.21,0.0
-79.1,9.46,0.0
-79.1,9.71,28.202608
-79.1,9.96,28.206821
-79.1,10.21,27.968828
-79.1,10.46,27.897202
-79.1,10.71,27.763699
-79.1,10.96,27.833641
-79.1,11.21,27.851578
-79.1,11.46,27.766348
-79.1,11.71,27.743958
-79.1,11.96,27.751902
-79.1,12.21,27.774895
-79.1,12.46,27.813057
-78.85,-4.29,0.0
-78.85,-4.04,0.0
-78.85,-3.79,0.0
-78.85,-3.54,0.0
-78.85,-3.29,0.0
-78.85,-3.04,0.0
-78.85,-2.79,0.0
-78.85,-2.54,0.0
-78.85,-2.29,0.0
-78.85,-2.04,0.0
-78.85,-1.79,0.0
-78.85,-1.54,0.0
-78.85,-1.29,0.0
-78.85,-1.04,0.0
-78.85,-0.79,0.0
-78.85,-0.54,0.0
-78.85,-0.29,0.0
-78.85,-0.04,0.0
-78.85,0.21,0.0
-78.85,0.46,0.0
-78.85,0.71,0.0
-78.85,0.96,0.0
-78.85,1.21,0.0
-78.85,1.46,0.0
-78.85,1.71,26.248466
-78.85,1.96,26.317324
-78.85,2.21,26.403637
-78.85,2.46,26.455643
-78.85,2.71,26.52799
-78.85,2.96,26.642473
-78.85,3.21,26.83135
-78.85,3.46,26.936804
-78.85,3.71,27.048157
-78.85,3.96,27.130257
-78.85,4.21,27.205975
-78.85,4.46,27.265804
-78.85,4.71,27.300714
-78.85,4.96,27.259544
-78.85,5.21,27.179371
-78.85,5.46,27.081984
-78.85,5.71,26.915255
-78.85,5.96,26.959797
-78.85,6.21,27.092937
-78.85,6.46,27.179251
-78.85,6.71,27.288195
-78.85,6.96,27.400751
-78.85,7.21,27.415918
-78.85,7.46,27.459858
-78.85,7.71,27.594084
-78.85,7.96,27.599258
-78.85,8.21,27.755754
-78.85,8.46,27.813658
-78.85,8.71,0.0
-78.85,8.96,0.0
-78.85,9.21,0.0
-78.85,9.46,0.0
-78.85,9.71,28.071392
-78.85,9.96,28.094625
-78.85,10.21,27.864941
-78.85,10.46,27.765745
-78.85,10.71,27.649338
-78.85,10.96,27.739622
-78.85,11.21,27.786572
-78.85,11.46,27.739384
-78.85,11.71,27.701584
-78.85,11.96,27.693878
-78.85,12.21,27.752024
-78.85,12.46,27.811371
-78.6,-4.29,0.0
-78.6,-4.04,0.0
-78.6,-3.79,0.0
-78.6,-3.54,0.0
-78.6,-3.29,0.0
-78.6,-3.04,0.0
-78.6,-2.79,0.0
-78.6,-2.54,0.0
-78.6,-2.29,0.0
-78.6,-2.04,0.0
-78.6,-1.79,0.0
-78.6,-1.54,0.0
-78.6,-1.29,0.0
-78.6,-1.04,0.0
-78.6,-0.79,0.0
-78.6,-0.54,0.0
-78.6,-0.29,0.0
-78.6,-0.04,0.0
-78.6,0.21,0.0
-78.6,0.46,0.0
-78.6,0.71,0.0
-78.6,0.96,0.0
-78.6,1.21,0.0
-78.6,1.46,0.0
-78.6,1.71,0.0
-78.6,1.96,0.0
-78.6,2.21,0.0
-78.6,2.46,0.0
-78.6,2.71,26.568438
-78.6,2.96,26.703264
-78.6,3.21,26.84411
-78.6,3.46,26.947397
-78.6,3.71,26.992901
-78.6,3.96,27.04948
-78.6,4.21,27.084871
-78.6,4.46,27.136034
-78.6,4.71,27.168777
-78.6,4.96,27.133265
-78.6,5.21,27.038525
-78.6,5.46,26.980621
-78.6,5.71,26.864697
-78.6,5.96,26.876493
-78.6,6.21,26.980021
-78.6,6.46,27.140005
-78.6,6.71,27.25798
-78.6,6.96,27.350311
-78.6,7.21,27.479118
-78.6,7.46,27.596972
-78.6,7.71,27.462147
-78.6,7.96,27.498018
-78.6,8.21,27.884321
-78.6,8.46,0.0
-78.6,8.71,0.0
-78.6,8.96,0.0
-78.6,9.21,0.0
-78.6,9.46,27.853865
-78.6,9.71,27.969311
-78.6,9.96,27.947039
-78.6,10.21,27.763098
-78.6,10.46,27.681479
-78.6,10.71,27.639465
-78.6,10.96,27.645725
-78.6,11.21,27.627668
-78.6,11.46,27.596613
-78.6,11.71,27.570488
-78.6,11.96,27.577831
-78.6,12.21,27.666912
-78.6,12.46,27.792831
-78.35,-4.29,0.0
-78.35,-4.04,0.0
-78.35,-3.79,0.0
-78.35,-3.54,0.0
-78.35,-3.29,0.0
-78.35,-3.04,0.0
-78.35,-2.79,0.0
-78.35,-2.54,0.0
-78.35,-2.29,0.0
-78.35,-2.04,0.0
-78.35,-1.79,0.0
-78.35,-1.54,0.0
-78.35,-1.29,0.0
-78.35,-1.04,0.0
-78.35,-0.79,0.0
-78.35,-0.54,0.0
-78.35,-0.29,0.0
-78.35,-0.04,0.0
-78.35,0.21,0.0
-78.35,0.46,0.0
-78.35,0.71,0.0
-78.35,0.96,0.0
-78.35,1.21,0.0
-78.35,1.46,0.0
-78.35,1.71,0.0
-78.35,1.96,0.0
-78.35,2.21,0.0
-78.35,2.46,0.0
-78.35,2.71,26.527267
-78.35,2.96,26.717348
-78.35,3.21,26.811728
-78.35,3.46,26.85988
-78.35,3.71,26.941257
-78.35,3.96,26.966417
-78.35,4.21,26.993984
-78.35,4.46,27.020468
-78.35,4.71,27.05851
-78.35,4.96,27.079817
-78.35,5.21,27.004337
-78.35,5.46,26.982307
-78.35,5.71,26.953535
-78.35,5.96,27.000484
-78.35,6.21,27.03684
-78.35,6.46,27.143618
-78.35,6.71,27.300474
-78.35,6.96,27.494648
-78.35,7.21,27.603712
-78.35,7.46,27.369211
-78.35,7.71,0.0
-78.35,7.96,0.0
-78.35,8.21,0.0
-78.35,8.46,0.0
-78.35,8.71,0.0
-78.35,8.96,0.0
-78.35,9.21,0.0
-78.35,9.46,27.947401
-78.35,9.71,27.990017
-78.35,9.96,27.759245
-78.35,10.21,27.654154
-78.35,10.46,27.644644
-78.35,10.71,27.650782
-78.35,10.96,27.609011
-78.35,11.21,27.556164
-78.35,11.46,27.509577
-78.35,11.71,27.479961
-78.35,11.96,27.482731
-78.35,12.21,27.558331
-78.35,12.46,27.696285
-78.1,-4.29,0.0
-78.1,-4.04,0.0
-78.1,-3.79,0.0
-78.1,-3.54,0.0
-78.1,-3.29,0.0
-78.1,-3.04,0.0
-78.1,-2.79,0.0
-78.1,-2.54,0.0
-78.1,-2.29,0.0
-78.1,-2.04,0.0
-78.1,-1.79,0.0
-78.1,-1.54,0.0
-78.1,-1.29,0.0
-78.1,-1.04,0.0
-78.1,-0.79,0.0
-78.1,-0.54,0.0
-78.1,-0.29,0.0
-78.1,-0.04,0.0
-78.1,0.21,0.0
-78.1,0.46,0.0
-78.1,0.71,0.0
-78.1,0.96,0.0
-78.1,1.21,0.0
-78.1,1.46,0.0
-78.1,1.71,0.0
-78.1,1.96,0.0
-78.1,2.21,0.0
-78.1,2.46,26.419287
-78.1,2.71,26.472736
-78.1,2.96,26.699291
-78.1,3.21,26.902134
-78.1,3.46,26.826294
-78.1,3.71,26.808718
-78.1,3.96,26.833157
-78.1,4.21,26.865177
-78.1,4.46,26.888771
-78.1,4.71,26.94523
-78.1,4.96,26.98616
-78.1,5.21,27.088964
-78.1,5.46,27.033108
-78.1,5.71,27.063324
-78.1,5.96,27.190687
-78.1,6.21,27.231014
-78.1,6.46,27.356934
-78.1,6.71,27.523058
-78.1,6.96,27.562904
-78.1,7.21,27.417967
-78.1,7.46,0.0
-78.1,7.71,0.0
-78.1,7.96,0.0
-78.1,8.21,0.0
-78.1,8.46,0.0
-78.1,8.71,0.0
-78.1,8.96,0.0
-78.1,9.21,27.813898
-78.1,9.46,27.984478
-78.1,9.71,27.875532
-78.1,9.96,27.671368
-78.1,10.21,27.605881
-78.1,10.46,27.625502
-78.1,10.71,27.649218
-78.1,10.96,27.613705
-78.1,11.21,27.569525
-78.1,11.46,27.554958
-78.1,11.71,27.527634
-78.1,11.96,27.478758
-78.1,12.21,27.475147
-78.1,12.46,27.553755
-77.85,-4.29,0.0
-77.85,-4.04,0.0
-77.85,-3.79,0.0
-77.85,-3.54,0.0
-77.85,-3.29,0.0
-77.85,-3.04,0.0
-77.85,-2.79,0.0
-77.85,-2.54,0.0
-77.85,-2.29,0.0
-77.85,-2.04,0.0
-77.85,-1.79,0.0
-77.85,-1.54,0.0
-77.85,-1.29,0.0
-77.85,-1.04,0.0
-77.85,-0.79,0.0
-77.85,-0.54,0.0
-77.85,-0.29,0.0
-77.85,-0.04,0.0
-77.85,0.21,0.0
-77.85,0.46,0.0
-77.85,0.71,0.0
-77.85,0.96,0.0
-77.85,1.21,0.0
-77.85,1.46,0.0
-77.85,1.71,0.0
-77.85,1.96,0.0
-77.85,2.21,0.0
-77.85,2.46,0.0
-77.85,2.71,26.450947
-77.85,2.96,0.0
-77.85,3.21,26.778021
-77.85,3.46,26.7206
-77.85,3.71,26.674011
-77.85,3.96,26.776457
-77.85,4.21,26.807877
-77.85,4.46,26.807877
-77.85,4.71,26.870834
-77.85,4.96,26.953297
-77.85,5.21,27.108107
-77.85,5.46,27.03371
-77.85,5.71,27.144941
-77.85,5.96,27.292528
-77.85,6.21,27.310947
-77.85,6.46,27.438311
-77.85,6.71,0.0
-77.85,6.96,0.0
-77.85,7.21,27.286631
-77.85,7.46,0.0
-77.85,7.71,0.0
-77.85,7.96,0.0
-77.85,8.21,0.0
-77.85,8.46,0.0
-77.85,8.71,0.0
-77.85,8.96,27.965218
-77.85,9.21,27.919352
-77.85,9.46,27.904785
-77.85,9.71,27.716391
-77.85,9.96,27.635855
-77.85,10.21,27.579878
-77.85,10.46,27.600464
-77.85,10.71,27.622011
-77.85,10.96,27.591434
-77.85,11.21,27.612379
-77.85,11.46,27.655598
-77.85,11.71,27.606241
-77.85,11.96,27.516558
-77.85,12.21,27.453358
-77.85,12.46,27.437347
-77.6,-4.29,0.0
-77.6,-4.04,0.0
-77.6,-3.79,0.0
-77.6,-3.54,0.0
-77.6,-3.29,0.0
-77.6,-3.04,0.0
-77.6,-2.79,0.0
-77.6,-2.54,0.0
-77.6,-2.29,0.0
-77.6,-2.04,0.0
-77.6,-1.79,0.0
-77.6,-1.54,0.0
-77.6,-1.29,0.0
-77.6,-1.04,0.0
-77.6,-0.79,0.0
-77.6,-0.54,0.0
-77.6,-0.29,0.0
-77.6,-0.04,0.0
-77.6,0.21,0.0
-77.6,0.46,0.0
-77.6,0.71,0.0
-77.6,0.96,0.0
-77.6,1.21,0.0
-77.6,1.46,0.0
-77.6,1.71,0.0
-77.6,1.96,0.0
-77.6,2.21,0.0
-77.6,2.46,0.0
-77.6,2.71,0.0
-77.6,2.96,0.0
-77.6,3.21,26.264116
-77.6,3.46,26.548937
-77.6,3.71,26.49922
-77.6,3.96,26.680513
-77.6,4.21,0.0
-77.6,4.46,26.84038
-77.6,4.71,26.85627
-77.6,4.96,0.0
-77.6,5.21,27.113523
-77.6,5.46,27.018663
-77.6,5.71,27.063927
-77.6,5.96,0.0
-77.6,6.21,27.191168
-77.6,6.46,0.0
-77.6,6.71,0.0
-77.6,6.96,0.0
-77.6,7.21,0.0
-77.6,7.46,0.0
-77.6,7.71,0.0
-77.6,7.96,0.0
-77.6,8.21,0.0
-77.6,8.46,0.0
-77.6,8.71,28.101971
-77.6,8.96,28.057188
-77.6,9.21,27.911648
-77.6,9.46,27.797045
-77.6,9.71,27.611898
-77.6,9.96,27.585175
-77.6,10.21,27.581444
-77.6,10.46,27.568321
-77.6,10.71,27.599501
-77.6,10.96,27.609974
-77.6,11.21,27.697851
-77.6,11.46,27.718197
-77.6,11.71,27.640068
-77.6,11.96,27.557245
-77.6,12.21,27.45396
-77.6,12.46,27.416401
-77.35,-4.29,0.0
-77.35,-4.04,0.0
-77.35,-3.79,0.0
-77.35,-3.54,0.0
-77.35,-3.29,0.0
-77.35,-3.04,0.0
-77.35,-2.79,0.0
-77.35,-2.54,0.0
-77.35,-2.29,0.0
-77.35,-2.04,0.0
-77.35,-1.79,0.0
-77.35,-1.54,0.0
-77.35,-1.29,0.0
-77.35,-1.04,0.0
-77.35,-0.79,0.0
-77.35,-0.54,0.0
-77.35,-0.29,0.0
-77.35,-0.04,0.0
-77.35,0.21,0.0
-77.35,0.46,0.0
-77.35,0.71,0.0
-77.35,0.96,0.0
-77.35,1.21,0.0
-77.35,1.46,0.0
-77.35,1.71,0.0
-77.35,1.96,0.0
-77.35,2.21,0.0
-77.35,2.46,0.0
-77.35,2.71,0.0
-77.35,2.96,0.0
-77.35,3.21,0.0
-77.35,3.46,26.686291
-77.35,3.71,26.396173
-77.35,3.96,0.0
-77.35,4.21,0.0
-77.35,4.46,0.0
-77.35,4.71,0.0
-77.35,4.96,0.0
-77.35,5.21,0.0
-77.35,5.46,0.0
-77.35,5.71,26.788254
-77.35,5.96,0.0
-77.35,6.21,0.0
-77.35,6.46,0.0
-77.35,6.71,0.0
-77.35,6.96,0.0
-77.35,7.21,0.0
-77.35,7.46,0.0
-77.35,7.71,0.0
-77.35,7.96,0.0
-77.35,8.21,0.0
-77.35,8.46,0.0
-77.35,8.71,28.257982
-77.35,8.96,28.109674
-77.35,9.21,27.885284
-77.35,9.46,27.728668
-77.35,9.71,27.623455
-77.35,9.96,27.647532
-77.35,10.21,27.635735
-77.35,10.46,27.604555
-77.35,10.71,27.638384
-77.35,10.96,27.698454
-77.35,11.21,27.752024
-77.35,11.46,27.736012
-77.35,11.71,27.627668
-77.35,11.96,27.537985
-77.35,12.21,27.445171
-77.35,12.46,27.423624
-77.1,-4.29,0.0
-77.1,-4.04,0.0
-77.1,-3.79,0.0
-77.1,-3.54,0.0
-77.1,-3.29,0.0
-77.1,-3.04,0.0
-77.1,-2.79,0.0
-77.1,-2.54,0.0
-77.1,-2.29,0.0
-77.1,-2.04,0.0
-77.1,-1.79,0.0
-77.1,-1.54,0.0
-77.1,-1.29,0.0
-77.1,-1.04,0.0
-77.1,-0.79,0.0
-77.1,-0.54,0.0
-77.1,-0.29,0.0
-77.1,-0.04,0.0
-77.1,0.21,0.0
-77.1,0.46,0.0
-77.1,0.71,0.0
-77.1,0.96,0.0
-77.1,1.21,0.0
-77.1,1.46,0.0
-77.1,1.71,0.0
-77.1,1.96,0.0
-77.1,2.21,0.0
-77.1,2.46,0.0
-77.1,2.71,0.0
-77.1,2.96,0.0
-77.1,3.21,0.0
-77.1,3.46,0.0
-77.1,3.71,0.0
-77.1,3.96,0.0
-77.1,4.21,0.0
-77.1,4.46,0.0
-77.1,4.71,0.0
-77.1,4.96,0.0
-77.1,5.21,0.0
-77.1,5.46,0.0
-77.1,5.71,0.0
-77.1,5.96,0.0
-77.1,6.21,0.0
-77.1,6.46,0.0
-77.1,6.71,0.0
-77.1,6.96,0.0
-77.1,7.21,0.0
-77.1,7.46,0.0
-77.1,7.71,0.0
-77.1,7.96,0.0
-77.1,8.21,0.0
-77.1,8.46,28.522821
-77.1,8.71,28.409542
-77.1,8.96,28.132305
-77.1,9.21,27.879265
-77.1,9.46,27.773088
-77.1,9.71,27.746845
-77.1,9.96,27.775858
-77.1,10.21,27.787655
-77.1,10.46,27.766708
-77.1,10.71,27.757681
-77.1,10.96,27.763821
-77.1,11.21,27.767551
-77.1,11.46,27.719278
-77.1,11.71,27.569164
-77.1,11.96,27.445654
-77.1,12.21,27.36861
-77.1,12.46,27.38125
-76.85,-4.29,0.0
-76.85,-4.04,0.0
-76.85,-3.79,0.0
-76.85,-3.54,0.0
-76.85,-3.29,0.0
-76.85,-3.04,0.0
-76.85,-2.79,0.0
-76.85,-2.54,0.0
-76.85,-2.29,0.0
-76.85,-2.04,0.0
-76.85,-1.79,0.0
-76.85,-1.54,0.0
-76.85,-1.29,0.0
-76.85,-1.04,0.0
-76.85,-0.79,0.0
-76.85,-0.54,0.0
-76.85,-0.29,0.0
-76.85,-0.04,0.0
-76.85,0.21,0.0
-76.85,0.46,0.0
-76.85,0.71,0.0
-76.85,0.96,0.0
-76.85,1.21,0.0
-76.85,1.46,0.0
-76.85,1.71,0.0
-76.85,1.96,0.0
-76.85,2.21,0.0
-76.85,2.46,0.0
-76.85,2.71,0.0
-76.85,2.96,0.0
-76.85,3.21,0.0
-76.85,3.46,0.0
-76.85,3.71,0.0
-76.85,3.96,0.0
-76.85,4.21,0.0
-76.85,4.46,0.0
-76.85,4.71,0.0
-76.85,4.96,0.0
-76.85,5.21,0.0
-76.85,5.46,0.0
-76.85,5.71,0.0
-76.85,5.96,0.0
-76.85,6.21,0.0
-76.85,6.46,0.0
-76.85,6.71,0.0
-76.85,6.96,0.0
-76.85,7.21,0.0
-76.85,7.46,0.0
-76.85,7.71,0.0
-76.85,7.96,28.365604
-76.85,8.21,28.420858
-76.85,8.46,0.0
-76.85,8.71,28.391485
-76.85,8.96,28.262196
-76.85,9.21,28.055984
-76.85,9.46,27.979061
-76.85,9.71,27.956791
-76.85,9.96,27.897202
-76.85,10.21,27.940178
-76.85,10.46,27.936205
-76.85,10.71,27.893591
-76.85,10.96,27.830872
-76.85,11.21,27.804628
-76.85,11.46,27.676304
-76.85,11.71,27.474304
-76.85,11.96,27.280008
-76.85,12.21,27.288918
-76.85,12.46,27.323227
-76.6,-4.29,0.0
-76.6,-4.04,0.0
-76.6,-3.79,0.0
-76.6,-3.54,0.0
-76.6,-3.29,0.0
-76.6,-3.04,0.0
-76.6,-2.79,0.0
-76.6,-2.54,0.0
-76.6,-2.29,0.0
-76.6,-2.04,0.0
-76.6,-1.79,0.0
-76.6,-1.54,0.0
-76.6,-1.29,0.0
-76.6,-1.04,0.0
-76.6,-0.79,0.0
-76.6,-0.54,0.0
-76.6,-0.29,0.0
-76.6,-0.04,0.0
-76.6,0.21,0.0
-76.6,0.46,0.0
-76.6,0.71,0.0
-76.6,0.96,0.0
-76.6,1.21,0.0
-76.6,1.46,0.0
-76.6,1.71,0.0
-76.6,1.96,0.0
-76.6,2.21,0.0
-76.6,2.46,0.0
-76.6,2.71,0.0
-76.6,2.96,0.0
-76.6,3.21,0.0
-76.6,3.46,0.0
-76.6,3.71,0.0
-76.6,3.96,0.0
-76.6,4.21,0.0
-76.6,4.46,0.0
-76.6,4.71,0.0
-76.6,4.96,0.0
-76.6,5.21,0.0
-76.6,5.46,0.0
-76.6,5.71,0.0
-76.6,5.96,0.0
-76.6,6.21,0.0
-76.6,6.46,0.0
-76.6,6.71,0.0
-76.6,6.96,0.0
-76.6,7.21,0.0
-76.6,7.46,0.0
-76.6,7.71,0.0
-76.6,7.96,0.0
-76.6,8.21,0.0
-76.6,8.46,0.0
-76.6,8.71,28.407015
-76.6,8.96,28.391968
-76.6,9.21,28.382578
-76.6,9.46,28.303368
-76.6,9.71,28.212238
-76.6,9.96,28.126528
-76.6,10.21,28.009638
-76.6,10.46,27.992542
-76.6,10.71,27.929222
-76.6,10.96,27.848928
-76.6,11.21,27.754431
-76.6,11.46,27.571333
-76.6,11.71,27.32118
-76.6,11.96,27.225355
-76.6,12.21,27.255692
-76.6,12.46,27.278324
-76.35,-4.29,0.0
-76.35,-4.04,0.0
-76.35,-3.79,0.0
-76.35,-3.54,0.0
-76.35,-3.29,0.0
-76.35,-3.04,0.0
-76.35,-2.79,0.0
-76.35,-2.54,0.0
-76.35,-2.29,0.0
-76.35,-2.04,0.0
-76.35,-1.79,0.0
-76.35,-1.54,0.0
-76.35,-1.29,0.0
-76.35,-1.04,0.0
-76.35,-0.79,0.0
-76.35,-0.54,0.0
-76.35,-0.29,0.0
-76.35,-0.04,0.0
-76.35,0.21,0.0
-76.35,0.46,0.0
-76.35,0.71,0.0
-76.35,0.96,0.0
-76.35,1.21,0.0
-76.35,1.46,0.0
-76.35,1.71,0.0
-76.35,1.96,0.0
-76.35,2.21,0.0
-76.35,2.46,0.0
-76.35,2.71,0.0
-76.35,2.96,0.0
-76.35,3.21,0.0
-76.35,3.46,0.0
-76.35,3.71,0.0
-76.35,3.96,0.0
-76.35,4.21,0.0
-76.35,4.46,0.0
-76.35,4.71,0.0
-76.35,4.96,0.0
-76.35,5.21,0.0
-76.35,5.46,0.0
-76.35,5.71,0.0
-76.35,5.96,0.0
-76.35,6.21,0.0
-76.35,6.46,0.0
-76.35,6.71,0.0
-76.35,6.96,0.0
-76.35,7.21,0.0
-76.35,7.46,0.0
-76.35,7.71,0.0
-76.35,7.96,0.0
-76.35,8.21,0.0
-76.35,8.46,0.0
-76.35,8.71,0.0
-76.35,8.96,0.0
-76.35,9.21,28.613829
-76.35,9.46,28.661018
-76.35,9.71,28.539555
-76.35,9.96,28.349955
-76.35,10.21,28.148075
-76.35,10.46,28.016258
-76.35,10.71,27.913452
-76.35,10.96,27.774174
-76.35,11.21,27.610094
-76.35,11.46,27.312391
-76.35,11.71,27.09643
-76.35,11.96,27.127247
-76.35,12.21,27.166611
-76.35,12.46,27.323107
-76.1,-4.29,0.0
-76.1,-4.04,0.0
-76.1,-3.79,0.0
-76.1,-3.54,0.0
-76.1,-3.29,0.0
-76.1,-3.04,0.0
-76.1,-2.79,0.0
-76.1,-2.54,0.0
-76.1,-2.29,0.0
-76.1,-2.04,0.0
-76.1,-1.79,0.0
-76.1,-1.54,0.0
-76.1,-1.29,0.0
-76.1,-1.04,0.0
-76.1,-0.79,0.0
-76.1,-0.54,0.0
-76.1,-0.29,0.0
-76.1,-0.04,0.0
-76.1,0.21,0.0
-76.1,0.46,0.0
-76.1,0.71,0.0
-76.1,0.96,0.0
-76.1,1.21,0.0
-76.1,1.46,0.0
-76.1,1.71,0.0
-76.1,1.96,0.0
-76.1,2.21,0.0
-76.1,2.46,0.0
-76.1,2.71,0.0
-76.1,2.96,0.0
-76.1,3.21,0.0
-76.1,3.46,0.0
-76.1,3.71,0.0
-76.1,3.96,0.0
-76.1,4.21,0.0
-76.1,4.46,0.0
-76.1,4.71,0.0
-76.1,4.96,0.0
-76.1,5.21,0.0
-76.1,5.46,0.0
-76.1,5.71,0.0
-76.1,5.96,0.0
-76.1,6.21,0.0
-76.1,6.46,0.0
-76.1,6.71,0.0
-76.1,6.96,0.0
-76.1,7.21,0.0
-76.1,7.46,0.0
-76.1,7.71,0.0
-76.1,7.96,0.0
-76.1,8.21,0.0
-76.1,8.46,0.0
-76.1,8.71,0.0
-76.1,8.96,0.0
-76.1,9.21,0.0
-76.1,9.46,28.902622
-76.1,9.71,28.798492
-76.1,9.96,28.526552
-76.1,10.21,28.257502
-76.1,10.46,28.048641
-76.1,10.71,27.788858
-76.1,10.96,27.596371
-76.1,11.21,27.292891
-76.1,11.46,26.990854
-76.1,11.71,26.871798
-76.1,11.96,26.926331
-76.1,12.21,27.157343
-76.1,12.46,27.303844
-75.85,-4.29,0.0
-75.85,-4.04,0.0
-75.85,-3.79,0.0
-75.85,-3.54,0.0
-75.85,-3.29,0.0
-75.85,-3.04,0.0
-75.85,-2.79,0.0
-75.85,-2.54,0.0
-75.85,-2.29,0.0
-75.85,-2.04,0.0
-75.85,-1.79,0.0
-75.85,-1.54,0.0
-75.85,-1.29,0.0
-75.85,-1.04,0.0
-75.85,-0.79,0.0
-75.85,-0.54,0.0
-75.85,-0.29,0.0
-75.85,-0.04,0.0
-75.85,0.21,0.0
-75.85,0.46,0.0
-75.85,0.71,0.0
-75.85,0.96,0.0
-75.85,1.21,0.0
-75.85,1.46,0.0
-75.85,1.71,0.0
-75.85,1.96,0.0
-75.85,2.21,0.0
-75.85,2.46,0.0
-75.85,2.71,0.0
-75.85,2.96,0.0
-75.85,3.21,0.0
-75.85,3.46,0.0
-75.85,3.71,0.0
-75.85,3.96,0.0
-75.85,4.21,0.0
-75.85,4.46,0.0
-75.85,4.71,0.0
-75.85,4.96,0.0
-75.85,5.21,0.0
-75.85,5.46,0.0
-75.85,5.71,0.0
-75.85,5.96,0.0
-75.85,6.21,0.0
-75.85,6.46,0.0
-75.85,6.71,0.0
-75.85,6.96,0.0
-75.85,7.21,0.0
-75.85,7.46,0.0
-75.85,7.71,0.0
-75.85,7.96,0.0
-75.85,8.21,0.0
-75.85,8.46,0.0
-75.85,8.71,0.0
-75.85,8.96,0.0
-75.85,9.21,0.0
-75.85,9.46,0.0
-75.85,9.71,29.087526
-75.85,9.96,28.932478
-75.85,10.21,28.500069
-75.85,10.46,27.948004
-75.85,10.71,27.669081
-75.85,10.96,27.36861
-75.85,11.21,27.026487
-75.85,11.46,26.750334
-75.85,11.71,26.685207
-75.85,11.96,26.854704
-75.85,12.21,27.127365
-75.85,12.46,27.242693
-75.6,-4.29,0.0
-75.6,-4.04,0.0
-75.6,-3.79,0.0
-75.6,-3.54,0.0
-75.6,-3.29,0.0
-75.6,-3.04,0.0
-75.6,-2.79,0.0
-75.6,-2.54,0.0
-75.6,-2.29,0.0
-75.6,-2.04,0.0
-75.6,-1.79,0.0
-75.6,-1.54,0.0
-75.6,-1.29,0.0
-75.6,-1.04,0.0
-75.6,-0.79,0.0
-75.6,-0.54,0.0
-75.6,-0.29,0.0
-75.6,-0.04,0.0
-75.6,0.21,0.0
-75.6,0.46,0.0
-75.6,0.71,0.0
-75.6,0.96,0.0
-75.6,1.21,0.0
-75.6,1.46,0.0
-75.6,1.71,0.0
-75.6,1.96,0.0
-75.6,2.21,0.0
-75.6,2.46,0.0
-75.6,2.71,0.0
-75.6,2.96,0.0
-75.6,3.21,0.0
-75.6,3.46,0.0
-75.6,3.71,0.0
-75.6,3.96,0.0
-75.6,4.21,0.0
-75.6,4.46,0.0
-75.6,4.71,0.0
-75.6,4.96,0.0
-75.6,5.21,0.0
-75.6,5.46,0.0
-75.6,5.71,0.0
-75.6,5.96,0.0
-75.6,6.21,0.0
-75.6,6.46,0.0
-75.6,6.71,0.0
-75.6,6.96,0.0
-75.6,7.21,0.0
-75.6,7.46,0.0
-75.6,7.71,0.0
-75.6,7.96,0.0
-75.6,8.21,0.0
-75.6,8.46,0.0
-75.6,8.71,0.0
-75.6,8.96,0.0
-75.6,9.21,0.0
-75.6,9.46,0.0
-75.6,9.71,0.0
-75.6,9.96,0.0
-75.6,10.21,0.0
-75.6,10.46,27.790785
-75.6,10.71,27.328402
-75.6,10.96,27.051287
-75.6,11.21,26.824368
-75.6,11.46,26.563984
-75.6,11.71,26.645481
-75.6,11.96,26.829905
-75.6,12.21,27.021311
-75.6,12.46,27.138561
-75.35,-4.29,0.0
-75.35,-4.04,0.0
-75.35,-3.79,0.0
-75.35,-3.54,0.0
-75.35,-3.29,0.0
-75.35,-3.04,0.0
-75.35,-2.79,0.0
-75.35,-2.54,0.0
-75.35,-2.29,0.0
-75.35,-2.04,0.0
-75.35,-1.79,0.0
-75.35,-1.54,0.0
-75.35,-1.29,0.0
-75.35,-1.04,0.0
-75.35,-0.79,0.0
-75.35,-0.54,0.0
-75.35,-0.29,0.0
-75.35,-0.04,0.0
-75.35,0.21,0.0
-75.35,0.46,0.0
-75.35,0.71,0.0
-75.35,0.96,0.0
-75.35,1.21,0.0
-75.35,1.46,0.0
-75.35,1.71,0.0
-75.35,1.96,0.0
-75.35,2.21,0.0
-75.35,2.46,0.0
-75.35,2.71,0.0
-75.35,2.96,0.0
-75.35,3.21,0.0
-75.35,3.46,0.0
-75.35,3.71,0.0
-75.35,3.96,0.0
-75.35,4.21,0.0
-75.35,4.46,0.0
-75.35,4.71,0.0
-75.35,4.96,0.0
-75.35,5.21,0.0
-75.35,5.46,0.0
-75.35,5.71,0.0
-75.35,5.96,0.0
-75.35,6.21,0.0
-75.35,6.46,0.0
-75.35,6.71,0.0
-75.35,6.96,0.0
-75.35,7.21,0.0
-75.35,7.46,0.0
-75.35,7.71,0.0
-75.35,7.96,0.0
-75.35,8.21,0.0
-75.35,8.46,0.0
-75.35,8.71,0.0
-75.35,8.96,0.0
-75.35,9.21,0.0
-75.35,9.46,0.0
-75.35,9.71,0.0
-75.35,9.96,0.0
-75.35,10.21,0.0
-75.35,10.46,0.0
-75.35,10.71,26.862167
-75.35,10.96,26.74564
-75.35,11.21,26.5688
-75.35,11.46,26.5499
-75.35,11.71,26.682558
-75.35,11.96,26.786568
-75.35,12.21,26.917301
-75.35,12.46,27.01144
-75.1,-4.29,0.0
-75.1,-4.04,0.0
-75.1,-3.79,0.0
-75.1,-3.54,0.0
-75.1,-3.29,0.0
-75.1,-3.04,0.0
-75.1,-2.79,0.0
-75.1,-2.54,0.0
-75.1,-2.29,0.0
-75.1,-2.04,0.0
-75.1,-1.79,0.0
-75.1,-1.54,0.0
-75.1,-1.29,0.0
-75.1,-1.04,0.0
-75.1,-0.79,0.0
-75.1,-0.54,0.0
-75.1,-0.29,0.0
-75.1,-0.04,0.0
-75.1,0.21,0.0
-75.1,0.46,0.0
-75.1,0.71,0.0
-75.1,0.96,0.0
-75.1,1.21,0.0
-75.1,1.46,0.0
-75.1,1.71,0.0
-75.1,1.96,0.0
-75.1,2.21,0.0
-75.1,2.46,0.0
-75.1,2.71,0.0
-75.1,2.96,0.0
-75.1,3.21,0.0
-75.1,3.46,0.0
-75.1,3.71,0.0
-75.1,3.96,0.0
-75.1,4.21,0.0
-75.1,4.46,0.0
-75.1,4.71,0.0
-75.1,4.96,0.0
-75.1,5.21,0.0
-75.1,5.46,0.0
-75.1,5.71,0.0
-75.1,5.96,0.0
-75.1,6.21,0.0
-75.1,6.46,0.0
-75.1,6.71,0.0
-75.1,6.96,0.0
-75.1,7.21,0.0
-75.1,7.46,0.0
-75.1,7.71,0.0
-75.1,7.96,0.0
-75.1,8.21,0.0
-75.1,8.46,0.0
-75.1,8.71,0.0
-75.1,8.96,0.0
-75.1,9.21,0.0
-75.1,9.46,0.0
-75.1,9.71,0.0
-75.1,9.96,0.0
-75.1,10.21,0.0
-75.1,10.46,0.0
-75.1,10.71,0.0
-75.1,10.96,26.55905
-75.1,11.21,26.462143
-75.1,11.46,26.529194
-75.1,11.71,26.751417
-75.1,11.96,26.80294
-75.1,12.21,26.838453
-75.1,12.46,26.934155
-74.85,-4.29,0.0
-74.85,-4.04,0.0
-74.85,-3.79,0.0
-74.85,-3.54,0.0
-74.85,-3.29,0.0
-74.85,-3.04,0.0
-74.85,-2.79,0.0
-74.85,-2.54,0.0
-74.85,-2.29,0.0
-74.85,-2.04,0.0
-74.85,-1.79,0.0
-74.85,-1.54,0.0
-74.85,-1.29,0.0
-74.85,-1.04,0.0
-74.85,-0.79,0.0
-74.85,-0.54,0.0
-74.85,-0.29,0.0
-74.85,-0.04,0.0
-74.85,0.21,0.0
-74.85,0.46,0.0
-74.85,0.71,0.0
-74.85,0.96,0.0
-74.85,1.21,0.0
-74.85,1.46,0.0
-74.85,1.71,0.0
-74.85,1.96,0.0
-74.85,2.21,0.0
-74.85,2.46,0.0
-74.85,2.71,0.0
-74.85,2.96,0.0
-74.85,3.21,0.0
-74.85,3.46,0.0
-74.85,3.71,0.0
-74.85,3.96,0.0
-74.85,4.21,0.0
-74.85,4.46,0.0
-74.85,4.71,0.0
-74.85,4.96,0.0
-74.85,5.21,0.0
-74.85,5.46,0.0
-74.85,5.71,0.0
-74.85,5.96,0.0
-74.85,6.21,0.0
-74.85,6.46,0.0
-74.85,6.71,0.0
-74.85,6.96,0.0
-74.85,7.21,0.0
-74.85,7.46,0.0
-74.85,7.71,0.0
-74.85,7.96,0.0
-74.85,8.21,0.0
-74.85,8.46,0.0
-74.85,8.71,0.0
-74.85,8.96,0.0
-74.85,9.21,0.0
-74.85,9.46,0.0
-74.85,9.71,0.0
-74.85,9.96,0.0
-74.85,10.21,0.0
-74.85,10.46,0.0
-74.85,10.71,0.0
-74.85,10.96,26.593237
-74.85,11.21,26.47081
-74.85,11.46,26.454678
-74.85,11.71,26.700617
-74.85,11.96,26.819431
-74.85,12.21,26.830387
-74.85,12.46,26.864214
-74.6,-4.29,0.0
-74.6,-4.04,0.0
-74.6,-3.79,0.0
-74.6,-3.54,0.0
-74.6,-3.29,0.0
-74.6,-3.04,0.0
-74.6,-2.79,0.0
-74.6,-2.54,0.0
-74.6,-2.29,0.0
-74.6,-2.04,0.0
-74.6,-1.79,0.0
-74.6,-1.54,0.0
-74.6,-1.29,0.0
-74.6,-1.04,0.0
-74.6,-0.79,0.0
-74.6,-0.54,0.0
-74.6,-0.29,0.0
-74.6,-0.04,0.0
-74.6,0.21,0.0
-74.6,0.46,0.0
-74.6,0.71,0.0
-74.6,0.96,0.0
-74.6,1.21,0.0
-74.6,1.46,0.0
-74.6,1.71,0.0
-74.6,1.96,0.0
-74.6,2.21,0.0
-74.6,2.46,0.0
-74.6,2.71,0.0
-74.6,2.96,0.0
-74.6,3.21,0.0
-74.6,3.46,0.0
-74.6,3.71,0.0
-74.6,3.96,0.0
-74.6,4.21,0.0
-74.6,4.46,0.0
-74.6,4.71,0.0
-74.6,4.96,0.0
-74.6,5.21,0.0
-74.6,5.46,0.0
-74.6,5.71,0.0
-74.6,5.96,0.0
-74.6,6.21,0.0
-74.6,6.46,0.0
-74.6,6.71,0.0
-74.6,6.96,0.0
-74.6,7.21,0.0
-74.6,7.46,0.0
-74.6,7.71,0.0
-74.6,7.96,0.0
-74.6,8.21,0.0
-74.6,8.46,0.0
-74.6,8.71,0.0
-74.6,8.96,0.0
-74.6,9.21,0.0
-74.6,9.46,0.0
-74.6,9.71,0.0
-74.6,9.96,0.0
-74.6,10.21,0.0
-74.6,10.46,0.0
-74.6,10.71,29.155663
-74.6,10.96,27.334181
-74.6,11.21,26.381487
-74.6,11.46,26.307573
-74.6,11.71,26.569281
-74.6,11.96,26.754667
-74.6,12.21,26.829063
-74.6,12.46,26.805227
-74.35,-4.29,0.0
-74.35,-4.04,0.0
-74.35,-3.79,0.0
-74.35,-3.54,0.0
-74.35,-3.29,0.0
-74.35,-3.04,0.0
-74.35,-2.79,0.0
-74.35,-2.54,0.0
-74.35,-2.29,0.0
-74.35,-2.04,0.0
-74.35,-1.79,0.0
-74.35,-1.54,0.0
-74.35,-1.29,0.0
-74.35,-1.04,0.0
-74.35,-0.79,0.0
-74.35,-0.54,0.0
-74.35,-0.29,0.0
-74.35,-0.04,0.0
-74.35,0.21,0.0
-74.35,0.46,0.0
-74.35,0.71,0.0
-74.35,0.96,0.0
-74.35,1.21,0.0
-74.35,1.46,0.0
-74.35,1.71,0.0
-74.35,1.96,0.0
-74.35,2.21,0.0
-74.35,2.46,0.0
-74.35,2.71,0.0
-74.35,2.96,0.0
-74.35,3.21,0.0
-74.35,3.46,0.0
-74.35,3.71,0.0
-74.35,3.96,0.0
-74.35,4.21,0.0
-74.35,4.46,0.0
-74.35,4.71,0.0
-74.35,4.96,0.0
-74.35,5.21,0.0
-74.35,5.46,0.0
-74.35,5.71,0.0
-74.35,5.96,0.0
-74.35,6.21,0.0
-74.35,6.46,0.0
-74.35,6.71,0.0
-74.35,6.96,0.0
-74.35,7.21,0.0
-74.35,7.46,0.0
-74.35,7.71,0.0
-74.35,7.96,0.0
-74.35,8.21,0.0
-74.35,8.46,0.0
-74.35,8.71,0.0
-74.35,8.96,0.0
-74.35,9.21,0.0
-74.35,9.46,0.0
-74.35,9.71,0.0
-74.35,9.96,0.0
-74.35,10.21,0.0
-74.35,10.46,0.0
-74.35,10.71,0.0
-74.35,10.96,27.074158
-74.35,11.21,26.1329
-74.35,11.46,26.031179
-74.35,11.71,26.47394
-74.35,11.96,26.717348
-74.35,12.21,26.756834
-74.35,12.46,26.779224
-74.1,-4.29,0.0
-74.1,-4.04,0.0
-74.1,-3.79,0.0
-74.1,-3.54,0.0
-74.1,-3.29,0.0
-74.1,-3.04,0.0
-74.1,-2.79,0.0
-74.1,-2.54,0.0
-74.1,-2.29,0.0
-74.1,-2.04,0.0
-74.1,-1.79,0.0
-74.1,-1.54,0.0
-74.1,-1.29,0.0
-74.1,-1.04,0.0
-74.1,-0.79,0.0
-74.1,-0.54,0.0
-74.1,-0.29,0.0
-74.1,-0.04,0.0
-74.1,0.21,0.0
-74.1,0.46,0.0
-74.1,0.71,0.0
-74.1,0.96,0.0
-74.1,1.21,0.0
-74.1,1.46,0.0
-74.1,1.71,0.0
-74.1,1.96,0.0
-74.1,2.21,0.0
-74.1,2.46,0.0
-74.1,2.71,0.0
-74.1,2.96,0.0
-74.1,3.21,0.0
-74.1,3.46,0.0
-74.1,3.71,0.0
-74.1,3.96,0.0
-74.1,4.21,0.0
-74.1,4.46,0.0
-74.1,4.71,0.0
-74.1,4.96,0.0
-74.1,5.21,0.0
-74.1,5.46,0.0
-74.1,5.71,0.0
-74.1,5.96,0.0
-74.1,6.21,0.0
-74.1,6.46,0.0
-74.1,6.71,0.0
-74.1,6.96,0.0
-74.1,7.21,0.0
-74.1,7.46,0.0
-74.1,7.71,0.0
-74.1,7.96,0.0
-74.1,8.21,0.0
-74.1,8.46,0.0
-74.1,8.71,0.0
-74.1,8.96,0.0
-74.1,9.21,0.0
-74.1,9.46,0.0
-74.1,9.71,0.0
-74.1,9.96,0.0
-74.1,10.21,0.0
-74.1,10.46,0.0
-74.1,10.71,0.0
-74.1,10.96,0.0
-74.1,11.21,0.0
-74.1,11.46,25.800409
-74.1,11.71,26.465633
-74.1,11.96,26.762613
-74.1,12.21,26.665945
-74.1,12.46,26.702303
-73.85,-4.29,0.0
-73.85,-4.04,0.0
-73.85,-3.79,0.0
-73.85,-3.54,0.0
-73.85,-3.29,0.0
-73.85,-3.04,0.0
-73.85,-2.79,0.0
-73.85,-2.54,0.0
-73.85,-2.29,0.0
-73.85,-2.04,0.0
-73.85,-1.79,0.0
-73.85,-1.54,0.0
-73.85,-1.29,0.0
-73.85,-1.04,0.0
-73.85,-0.79,0.0
-73.85,-0.54,0.0
-73.85,-0.29,0.0
-73.85,-0.04,0.0
-73.85,0.21,0.0
-73.85,0.46,0.0
-73.85,0.71,0.0
-73.85,0.96,0.0
-73.85,1.21,0.0
-73.85,1.46,0.0
-73.85,1.71,0.0
-73.85,1.96,0.0
-73.85,2.21,0.0
-73.85,2.46,0.0
-73.85,2.71,0.0
-73.85,2.96,0.0
-73.85,3.21,0.0
-73.85,3.46,0.0
-73.85,3.71,0.0
-73.85,3.96,0.0
-73.85,4.21,0.0
-73.85,4.46,0.0
-73.85,4.71,0.0
-73.85,4.96,0.0
-73.85,5.21,0.0
-73.85,5.46,0.0
-73.85,5.71,0.0
-73.85,5.96,0.0
-73.85,6.21,0.0
-73.85,6.46,0.0
-73.85,6.71,0.0
-73.85,6.96,0.0
-73.85,7.21,0.0
-73.85,7.46,0.0
-73.85,7.71,0.0
-73.85,7.96,0.0
-73.85,8.21,0.0
-73.85,8.46,0.0
-73.85,8.71,0.0
-73.85,8.96,0.0
-73.85,9.21,0.0
-73.85,9.46,0.0
-73.85,9.71,0.0
-73.85,9.96,0.0
-73.85,10.21,0.0
-73.85,10.46,0.0
-73.85,10.71,0.0
-73.85,10.96,0.0
-73.85,11.21,27.081503
-73.85,11.46,26.460217
-73.85,11.71,26.551704
-73.85,11.96,26.814377
-73.85,12.21,26.64476
-73.85,12.46,26.580477
-73.6,-4.29,0.0
-73.6,-4.04,0.0
-73.6,-3.79,0.0
-73.6,-3.54,0.0
-73.6,-3.29,0.0
-73.6,-3.04,0.0
-73.6,-2.79,0.0
-73.6,-2.54,0.0
-73.6,-2.29,0.0
-73.6,-2.04,0.0
-73.6,-1.79,0.0
-73.6,-1.54,0.0
-73.6,-1.29,0.0
-73.6,-1.04,0.0
-73.6,-0.79,0.0
-73.6,-0.54,0.0
-73.6,-0.29,0.0
-73.6,-0.04,0.0
-73.6,0.21,0.0
-73.6,0.46,0.0
-73.6,0.71,0.0
-73.6,0.96,0.0
-73.6,1.21,0.0
-73.6,1.46,0.0
-73.6,1.71,0.0
-73.6,1.96,0.0
-73.6,2.21,0.0
-73.6,2.46,0.0
-73.6,2.71,0.0
-73.6,2.96,0.0
-73.6,3.21,0.0
-73.6,3.46,0.0
-73.6,3.71,0.0
-73.6,3.96,0.0
-73.6,4.21,0.0
-73.6,4.46,0.0
-73.6,4.71,0.0
-73.6,4.96,0.0
-73.6,5.21,0.0
-73.6,5.46,0.0
-73.6,5.71,0.0
-73.6,5.96,0.0
-73.6,6.21,0.0
-73.6,6.46,0.0
-73.6,6.71,0.0
-73.6,6.96,0.0
-73.6,7.21,0.0
-73.6,7.46,0.0
-73.6,7.71,0.0
-73.6,7.96,0.0
-73.6,8.21,0.0
-73.6,8.46,0.0
-73.6,8.71,0.0
-73.6,8.96,0.0
-73.6,9.21,0.0
-73.6,9.46,0.0
-73.6,9.71,0.0
-73.6,9.96,0.0
-73.6,10.21,0.0
-73.6,10.46,0.0
-73.6,10.71,0.0
-73.6,10.96,0.0
-73.6,11.21,0.0
-73.6,11.46,26.57518
-73.6,11.71,26.274105
-73.6,11.96,26.67293
-73.6,12.21,26.49946
-73.6,12.46,26.415674
-73.35,-4.29,0.0
-73.35,-4.04,0.0
-73.35,-3.79,0.0
-73.35,-3.54,0.0
-73.35,-3.29,0.0
-73.35,-3.04,0.0
-73.35,-2.79,0.0
-73.35,-2.54,0.0
-73.35,-2.29,0.0
-73.35,-2.04,0.0
-73.35,-1.79,0.0
-73.35,-1.54,0.0
-73.35,-1.29,0.0
-73.35,-1.04,0.0
-73.35,-0.79,0.0
-73.35,-0.54,0.0
-73.35,-0.29,0.0
-73.35,-0.04,0.0
-73.35,0.21,0.0
-73.35,0.46,0.0
-73.35,0.71,0.0
-73.35,0.96,0.0
-73.35,1.21,0.0
-73.35,1.46,0.0
-73.35,1.71,0.0
-73.35,1.96,0.0
-73.35,2.21,0.0
-73.35,2.46,0.0
-73.35,2.71,0.0
-73.35,2.96,0.0
-73.35,3.21,0.0
-73.35,3.46,0.0
-73.35,3.71,0.0
-73.35,3.96,0.0
-73.35,4.21,0.0
-73.35,4.46,0.0
-73.35,4.71,0.0
-73.35,4.96,0.0
-73.35,5.21,0.0
-73.35,5.46,0.0
-73.35,5.71,0.0
-73.35,5.96,0.0
-73.35,6.21,0.0
-73.35,6.46,0.0
-73.35,6.71,0.0
-73.35,6.96,0.0
-73.35,7.21,0.0
-73.35,7.46,0.0
-73.35,7.71,0.0
-73.35,7.96,0.0
-73.35,8.21,0.0
-73.35,8.46,0.0
-73.35,8.71,0.0
-73.35,8.96,0.0
-73.35,9.21,0.0
-73.35,9.46,0.0
-73.35,9.71,0.0
-73.35,9.96,0.0
-73.35,10.21,0.0
-73.35,10.46,0.0
-73.35,10.71,0.0
-73.35,10.96,0.0
-73.35,11.21,0.0
-73.35,11.46,0.0
-73.35,11.71,25.923077
-73.35,11.96,26.245577
-73.35,12.21,26.185867
-73.35,12.46,26.193211
-73.1,-4.29,0.0
-73.1,-4.04,0.0
-73.1,-3.79,0.0
-73.1,-3.54,0.0
-73.1,-3.29,0.0
-73.1,-3.04,0.0
-73.1,-2.79,0.0
-73.1,-2.54,0.0
-73.1,-2.29,0.0
-73.1,-2.04,0.0
-73.1,-1.79,0.0
-73.1,-1.54,0.0
-73.1,-1.29,0.0
-73.1,-1.04,0.0
-73.1,-0.79,0.0
-73.1,-0.54,0.0
-73.1,-0.29,0.0
-73.1,-0.04,0.0
-73.1,0.21,0.0
-73.1,0.46,0.0
-73.1,0.71,0.0
-73.1,0.96,0.0
-73.1,1.21,0.0
-73.1,1.46,0.0
-73.1,1.71,0.0
-73.1,1.96,0.0
-73.1,2.21,0.0
-73.1,2.46,0.0
-73.1,2.71,0.0
-73.1,2.96,0.0
-73.1,3.21,0.0
-73.1,3.46,0.0
-73.1,3.71,0.0
-73.1,3.96,0.0
-73.1,4.21,0.0
-73.1,4.46,0.0
-73.1,4.71,0.0
-73.1,4.96,0.0
-73.1,5.21,0.0
-73.1,5.46,0.0
-73.1,5.71,0.0
-73.1,5.96,0.0
-73.1,6.21,0.0
-73.1,6.46,0.0
-73.1,6.71,0.0
-73.1,6.96,0.0
-73.1,7.21,0.0
-73.1,7.46,0.0
-73.1,7.71,0.0
-73.1,7.96,0.0
-73.1,8.21,0.0
-73.1,8.46,0.0
-73.1,8.71,0.0
-73.1,8.96,0.0
-73.1,9.21,0.0
-73.1,9.46,0.0
-73.1,9.71,0.0
-73.1,9.96,0.0
-73.1,10.21,0.0
-73.1,10.46,0.0
-73.1,10.71,0.0
-73.1,10.96,0.0
-73.1,11.21,0.0
-73.1,11.46,0.0
-73.1,11.71,26.114723
-73.1,11.96,25.938124
-73.1,12.21,25.96196
-73.1,12.46,26.022873
-72.85,-4.29,0.0
-72.85,-4.04,0.0
-72.85,-3.79,0.0
-72.85,-3.54,0.0
-72.85,-3.29,0.0
-72.85,-3.04,0.0
-72.85,-2.79,0.0
-72.85,-2.54,0.0
-72.85,-2.29,0.0
-72.85,-2.04,0.0
-72.85,-1.79,0.0
-72.85,-1.54,0.0
-72.85,-1.29,0.0
-72.85,-1.04,0.0
-72.85,-0.79,0.0
-72.85,-0.54,0.0
-72.85,-0.29,0.0
-72.85,-0.04,0.0
-72.85,0.21,0.0
-72.85,0.46,0.0
-72.85,0.71,0.0
-72.85,0.96,0.0
-72.85,1.21,0.0
-72.85,1.46,0.0
-72.85,1.71,0.0
-72.85,1.96,0.0
-72.85,2.21,0.0
-72.85,2.46,0.0
-72.85,2.71,0.0
-72.85,2.96,0.0
-72.85,3.21,0.0
-72.85,3.46,0.0
-72.85,3.71,0.0
-72.85,3.96,0.0
-72.85,4.21,0.0
-72.85,4.46,0.0
-72.85,4.71,0.0
-72.85,4.96,0.0
-72.85,5.21,0.0
-72.85,5.46,0.0
-72.85,5.71,0.0
-72.85,5.96,0.0
-72.85,6.21,0.0
-72.85,6.46,0.0
-72.85,6.71,0.0
-72.85,6.96,0.0
-72.85,7.21,0.0
-72.85,7.46,0.0
-72.85,7.71,0.0
-72.85,7.96,0.0
-72.85,8.21,0.0
-72.85,8.46,0.0
-72.85,8.71,0.0
-72.85,8.96,0.0
-72.85,9.21,0.0
-72.85,9.46,0.0
-72.85,9.71,0.0
-72.85,9.96,0.0
-72.85,10.21,0.0
-72.85,10.46,0.0
-72.85,10.71,0.0
-72.85,10.96,0.0
-72.85,11.21,0.0
-72.85,11.46,26.677141
-72.85,11.71,26.34441
-72.85,11.96,25.660166
-72.85,12.21,25.760803
-72.85,12.46,25.888166
-72.6,-4.29,0.0
-72.6,-4.04,0.0
-72.6,-3.79,0.0
-72.6,-3.54,0.0
-72.6,-3.29,0.0
-72.6,-3.04,0.0
-72.6,-2.79,0.0
-72.6,-2.54,0.0
-72.6,-2.29,0.0
-72.6,-2.04,0.0
-72.6,-1.79,0.0
-72.6,-1.54,0.0
-72.6,-1.29,0.0
-72.6,-1.04,0.0
-72.6,-0.79,0.0
-72.6,-0.54,0.0
-72.6,-0.29,0.0
-72.6,-0.04,0.0
-72.6,0.21,0.0
-72.6,0.46,0.0
-72.6,0.71,0.0
-72.6,0.96,0.0
-72.6,1.21,0.0
-72.6,1.46,0.0
-72.6,1.71,0.0
-72.6,1.96,0.0
-72.6,2.21,0.0
-72.6,2.46,0.0
-72.6,2.71,0.0
-72.6,2.96,0.0
-72.6,3.21,0.0
-72.6,3.46,0.0
-72.6,3.71,0.0
-72.6,3.96,0.0
-72.6,4.21,0.0
-72.6,4.46,0.0
-72.6,4.71,0.0
-72.6,4.96,0.0
-72.6,5.21,0.0
-72.6,5.46,0.0
-72.6,5.71,0.0
-72.6,5.96,0.0
-72.6,6.21,0.0
-72.6,6.46,0.0
-72.6,6.71,0.0
-72.6,6.96,0.0
-72.6,7.21,0.0
-72.6,7.46,0.0
-72.6,7.71,0.0
-72.6,7.96,0.0
-72.6,8.21,0.0
-72.6,8.46,0.0
-72.6,8.71,0.0
-72.6,8.96,0.0
-72.6,9.21,0.0
-72.6,9.46,0.0
-72.6,9.71,0.0
-72.6,9.96,0.0
-72.6,10.21,0.0
-72.6,10.46,0.0
-72.6,10.71,0.0
-72.6,10.96,0.0
-72.6,11.21,0.0
-72.6,11.46,0.0
-72.6,11.71,0.0
-72.6,11.96,25.44685
-72.6,12.21,25.39304
-72.6,12.46,25.514746
-72.35,-4.29,0.0
-72.35,-4.04,0.0
-72.35,-3.79,0.0
-72.35,-3.54,0.0
-72.35,-3.29,0.0
-72.35,-3.04,0.0
-72.35,-2.79,0.0
-72.35,-2.54,0.0
-72.35,-2.29,0.0
-72.35,-2.04,0.0
-72.35,-1.79,0.0
-72.35,-1.54,0.0
-72.35,-1.29,0.0
-72.35,-1.04,0.0
-72.35,-0.79,0.0
-72.35,-0.54,0.0
-72.35,-0.29,0.0
-72.35,-0.04,0.0
-72.35,0.21,0.0
-72.35,0.46,0.0
-72.35,0.71,0.0
-72.35,0.96,0.0
-72.35,1.21,0.0
-72.35,1.46,0.0
-72.35,1.71,0.0
-72.35,1.96,0.0
-72.35,2.21,0.0
-72.35,2.46,0.0
-72.35,2.71,0.0
-72.35,2.96,0.0
-72.35,3.21,0.0
-72.35,3.46,0.0
-72.35,3.71,0.0
-72.35,3.96,0.0
-72.35,4.21,0.0
-72.35,4.46,0.0
-72.35,4.71,0.0
-72.35,4.96,0.0
-72.35,5.21,0.0
-72.35,5.46,0.0
-72.35,5.71,0.0
-72.35,5.96,0.0
-72.35,6.21,0.0
-72.35,6.46,0.0
-72.35,6.71,0.0
-72.35,6.96,0.0
-72.35,7.21,0.0
-72.35,7.46,0.0
-72.35,7.71,0.0
-72.35,7.96,0.0
-72.35,8.21,0.0
-72.35,8.46,0.0
-72.35,8.71,0.0
-72.35,8.96,0.0
-72.35,9.21,0.0
-72.35,9.46,0.0
-72.35,9.71,0.0
-72.35,9.96,0.0
-72.35,10.21,0.0
-72.35,10.46,0.0
-72.35,10.71,0.0
-72.35,10.96,0.0
-72.35,11.21,0.0
-72.35,11.46,0.0
-72.35,11.71,0.0
-72.35,11.96,25.45636
-72.35,12.21,25.095457
-72.35,12.46,25.077282
-72.1,-4.29,0.0
-72.1,-4.04,0.0
-72.1,-3.79,0.0
-72.1,-3.54,0.0
-72.1,-3.29,0.0
-72.1,-3.04,0.0
-72.1,-2.79,0.0
-72.1,-2.54,0.0
-72.1,-2.29,0.0
-72.1,-2.04,0.0
-72.1,-1.79,0.0
-72.1,-1.54,0.0
-72.1,-1.29,0.0
-72.1,-1.04,0.0
-72.1,-0.79,0.0
-72.1,-0.54,0.0
-72.1,-0.29,0.0
-72.1,-0.04,0.0
-72.1,0.21,0.0
-72.1,0.46,0.0
-72.1,0.71,0.0
-72.1,0.96,0.0
-72.1,1.21,0.0
-72.1,1.46,0.0
-72.1,1.71,0.0
-72.1,1.96,0.0
-72.1,2.21,0.0
-72.1,2.46,0.0
-72.1,2.71,0.0
-72.1,2.96,0.0
-72.1,3.21,0.0
-72.1,3.46,0.0
-72.1,3.71,0.0
-72.1,3.96,0.0
-72.1,4.21,0.0
-72.1,4.46,0.0
-72.1,4.71,0.0
-72.1,4.96,0.0
-72.1,5.21,0.0
-72.1,5.46,0.0
-72.1,5.71,0.0
-72.1,5.96,0.0
-72.1,6.21,0.0
-72.1,6.46,0.0
-72.1,6.71,0.0
-72.1,6.96,0.0
-72.1,7.21,0.0
-72.1,7.46,0.0
-72.1,7.71,0.0
-72.1,7.96,0.0
-72.1,8.21,0.0
-72.1,8.46,0.0
-72.1,8.71,0.0
-72.1,8.96,0.0
-72.1,9.21,0.0
-72.1,9.46,0.0
-72.1,9.71,28.793318
-72.1,9.96,28.492002
-72.1,10.21,0.0
-72.1,10.46,0.0
-72.1,10.71,0.0
-72.1,10.96,0.0
-72.1,11.21,0.0
-72.1,11.46,0.0
-72.1,11.71,0.0
-72.1,11.96,0.0
-72.1,12.21,25.139036
-72.1,12.46,24.924759
-71.85,-4.29,0.0
-71.85,-4.04,0.0
-71.85,-3.79,0.0
-71.85,-3.54,0.0
-71.85,-3.29,0.0
-71.85,-3.04,0.0
-71.85,-2.79,0.0
-71.85,-2.54,0.0
-71.85,-2.29,0.0
-71.85,-2.04,0.0
-71.85,-1.79,0.0
-71.85,-1.54,0.0
-71.85,-1.29,0.0
-71.85,-1.04,0.0
-71.85,-0.79,0.0
-71.85,-0.54,0.0
-71.85,-0.29,0.0
-71.85,-0.04,0.0
-71.85,0.21,0.0
-71.85,0.46,0.0
-71.85,0.71,0.0
-71.85,0.96,0.0
-71.85,1.21,0.0
-71.85,1.46,0.0
-71.85,1.71,0.0
-71.85,1.96,0.0
-71.85,2.21,0.0
-71.85,2.46,0.0
-71.85,2.71,0.0
-71.85,2.96,0.0
-71.85,3.21,0.0
-71.85,3.46,0.0
-71.85,3.71,0.0
-71.85,3.96,0.0
-71.85,4.21,0.0
-71.85,4.46,0.0
-71.85,4.71,0.0
-71.85,4.96,0.0
-71.85,5.21,0.0
-71.85,5.46,0.0
-71.85,5.71,0.0
-71.85,5.96,0.0
-71.85,6.21,0.0
-71.85,6.46,0.0
-71.85,6.71,0.0
-71.85,6.96,0.0
-71.85,7.21,0.0
-71.85,7.46,0.0
-71.85,7.71,0.0
-71.85,7.96,0.0
-71.85,8.21,0.0
-71.85,8.46,0.0
-71.85,8.71,0.0
-71.85,8.96,0.0
-71.85,9.21,29.997486
-71.85,9.46,30.350924
-71.85,9.71,29.738546
-71.85,9.96,29.415565
-71.85,10.21,29.839186
-71.85,10.46,0.0
-71.85,10.71,0.0
-71.85,10.96,27.111717
-71.85,11.21,27.100281
-71.85,11.46,26.978937
-71.85,11.71,26.897198
-71.85,11.96,0.0
-71.85,12.21,0.0
-71.85,12.46,25.09269
-71.6,-4.29,0.0
-71.6,-4.04,0.0
-71.6,-3.79,0.0
-71.6,-3.54,0.0
-71.6,-3.29,0.0
-71.6,-3.04,0.0
-71.6,-2.79,0.0
-71.6,-2.54,0.0
-71.6,-2.29,0.0
-71.6,-2.04,0.0
-71.6,-1.79,0.0
-71.6,-1.54,0.0
-71.6,-1.29,0.0
-71.6,-1.04,0.0
-71.6,-0.79,0.0
-71.6,-0.54,0.0
-71.6,-0.29,0.0
-71.6,-0.04,0.0
-71.6,0.21,0.0
-71.6,0.46,0.0
-71.6,0.71,0.0
-71.6,0.96,0.0
-71.6,1.21,0.0
-71.6,1.46,0.0
-71.6,1.71,0.0
-71.6,1.96,0.0
-71.6,2.21,0.0
-71.6,2.46,0.0
-71.6,2.71,0.0
-71.6,2.96,0.0
-71.6,3.21,0.0
-71.6,3.46,0.0
-71.6,3.71,0.0
-71.6,3.96,0.0
-71.6,4.21,0.0
-71.6,4.46,0.0
-71.6,4.71,0.0
-71.6,4.96,0.0
-71.6,5.21,0.0
-71.6,5.46,0.0
-71.6,5.71,0.0
-71.6,5.96,0.0
-71.6,6.21,0.0
-71.6,6.46,0.0
-71.6,6.71,0.0
-71.6,6.96,0.0
-71.6,7.21,0.0
-71.6,7.46,0.0
-71.6,7.71,0.0
-71.6,7.96,0.0
-71.6,8.21,0.0
-71.6,8.46,0.0
-71.6,8.71,0.0
-71.6,8.96,30.280622
-71.6,9.21,30.24234
-71.6,9.46,30.40943
-71.6,9.71,30.489843
-71.6,9.96,30.410513
-71.6,10.21,29.961372
-71.6,10.46,0.0
-71.6,10.71,0.0
-71.6,10.96,27.083668
-71.6,11.21,27.086798
-71.6,11.46,27.018181
-71.6,11.71,26.966778
-71.6,11.96,0.0
-71.6,12.21,0.0
-71.6,12.46,25.395929
-71.35,-4.29,0.0
-71.35,-4.04,0.0
-71.35,-3.79,0.0
-71.35,-3.54,0.0
-71.35,-3.29,0.0
-71.35,-3.04,0.0
-71.35,-2.79,0.0
-71.35,-2.54,0.0
-71.35,-2.29,0.0
-71.35,-2.04,0.0
-71.35,-1.79,0.0
-71.35,-1.54,0.0
-71.35,-1.29,0.0
-71.35,-1.04,0.0
-71.35,-0.79,0.0
-71.35,-0.54,0.0
-71.35,-0.29,0.0
-71.35,-0.04,0.0
-71.35,0.21,0.0
-71.35,0.46,0.0
-71.35,0.71,0.0
-71.35,0.96,0.0
-71.35,1.21,0.0
-71.35,1.46,0.0
-71.35,1.71,0.0
-71.35,1.96,0.0
-71.35,2.21,0.0
-71.35,2.46,0.0
-71.35,2.71,0.0
-71.35,2.96,0.0
-71.35,3.21,0.0
-71.35,3.46,0.0
-71.35,3.71,0.0
-71.35,3.96,0.0
-71.35,4.21,0.0
-71.35,4.46,0.0
-71.35,4.71,0.0
-71.35,4.96,0.0
-71.35,5.21,0.0
-71.35,5.46,0.0
-71.35,5.71,0.0
-71.35,5.96,0.0
-71.35,6.21,0.0
-71.35,6.46,0.0
-71.35,6.71,0.0
-71.35,6.96,0.0
-71.35,7.21,0.0
-71.35,7.46,0.0
-71.35,7.71,0.0
-71.35,7.96,0.0
-71.35,8.21,0.0
-71.35,8.46,0.0
-71.35,8.71,0.0
-71.35,8.96,0.0
-71.35,9.21,30.368259
-71.35,9.46,30.499233
-71.35,9.71,30.51693
-71.35,9.96,0.0
-71.35,10.21,0.0
-71.35,10.46,0.0
-71.35,10.71,0.0
-71.35,10.96,26.836044
-71.35,11.21,26.937164
-71.35,11.46,27.016735
-71.35,11.71,27.006624
-71.35,11.96,26.765141
-71.35,12.21,26.285543
-71.35,12.46,25.798723
-71.1,-4.29,0.0
-71.1,-4.04,0.0
-71.1,-3.79,0.0
-71.1,-3.54,0.0
-71.1,-3.29,0.0
-71.1,-3.04,0.0
-71.1,-2.79,0.0
-71.1,-2.54,0.0
-71.1,-2.29,0.0
-71.1,-2.04,0.0
-71.1,-1.79,0.0
-71.1,-1.54,0.0
-71.1,-1.29,0.0
-71.1,-1.04,0.0
-71.1,-0.79,0.0
-71.1,-0.54,0.0
-71.1,-0.29,0.0
-71.1,-0.04,0.0
-71.1,0.21,0.0
-71.1,0.46,0.0
-71.1,0.71,0.0
-71.1,0.96,0.0
-71.1,1.21,0.0
-71.1,1.46,0.0
-71.1,1.71,0.0
-71.1,1.96,0.0
-71.1,2.21,0.0
-71.1,2.46,0.0
-71.1,2.71,0.0
-71.1,2.96,0.0
-71.1,3.21,0.0
-71.1,3.46,0.0
-71.1,3.71,0.0
-71.1,3.96,0.0
-71.1,4.21,0.0
-71.1,4.46,0.0
-71.1,4.71,0.0
-71.1,4.96,0.0
-71.1,5.21,0.0
-71.1,5.46,0.0
-71.1,5.71,0.0
-71.1,5.96,0.0
-71.1,6.21,0.0
-71.1,6.46,0.0
-71.1,6.71,0.0
-71.1,6.96,0.0
-71.1,7.21,0.0
-71.1,7.46,0.0
-71.1,7.71,0.0
-71.1,7.96,0.0
-71.1,8.21,0.0
-71.1,8.46,0.0
-71.1,8.71,0.0
-71.1,8.96,0.0
-71.1,9.21,0.0
-71.1,9.46,30.514523
-71.1,9.71,0.0
-71.1,9.96,0.0
-71.1,10.21,0.0
-71.1,10.46,0.0
-71.1,10.71,0.0
-71.1,10.96,26.747927
-71.1,11.21,26.550503
-71.1,11.46,26.664623
-71.1,11.71,26.624777
-71.1,11.96,26.441917
-71.1,12.21,26.102566
-71.1,12.46,25.861923
-70.85,-4.29,0.0
-70.85,-4.04,0.0
-70.85,-3.79,0.0
-70.85,-3.54,0.0
-70.85,-3.29,0.0
-70.85,-3.04,0.0
-70.85,-2.79,0.0
-70.85,-2.54,0.0
-70.85,-2.29,0.0
-70.85,-2.04,0.0
-70.85,-1.79,0.0
-70.85,-1.54,0.0
-70.85,-1.29,0.0
-70.85,-1.04,0.0
-70.85,-0.79,0.0
-70.85,-0.54,0.0
-70.85,-0.29,0.0
-70.85,-0.04,0.0
-70.85,0.21,0.0
-70.85,0.46,0.0
-70.85,0.71,0.0
-70.85,0.96,0.0
-70.85,1.21,0.0
-70.85,1.46,0.0
-70.85,1.71,0.0
-70.85,1.96,0.0
-70.85,2.21,0.0
-70.85,2.46,0.0
-70.85,2.71,0.0
-70.85,2.96,0.0
-70.85,3.21,0.0
-70.85,3.46,0.0
-70.85,3.71,0.0
-70.85,3.96,0.0
-70.85,4.21,0.0
-70.85,4.46,0.0
-70.85,4.71,0.0
-70.85,4.96,0.0
-70.85,5.21,0.0
-70.85,5.46,0.0
-70.85,5.71,0.0
-70.85,5.96,0.0
-70.85,6.21,0.0
-70.85,6.46,0.0
-70.85,6.71,0.0
-70.85,6.96,0.0
-70.85,7.21,0.0
-70.85,7.46,0.0
-70.85,7.71,0.0
-70.85,7.96,0.0
-70.85,8.21,0.0
-70.85,8.46,0.0
-70.85,8.71,0.0
-70.85,8.96,0.0
-70.85,9.21,0.0
-70.85,9.46,0.0
-70.85,9.71,0.0
-70.85,9.96,0.0
-70.85,10.21,0.0
-70.85,10.46,0.0
-70.85,10.71,0.0
-70.85,10.96,0.0
-70.85,11.21,26.199833
-70.85,11.46,26.03828
-70.85,11.71,25.973516
-70.85,11.96,26.045383
-70.85,12.21,25.798603
-70.85,12.46,25.694353
-70.6,-4.29,0.0
-70.6,-4.04,0.0
-70.6,-3.79,0.0
-70.6,-3.54,0.0
-70.6,-3.29,0.0
-70.6,-3.04,0.0
-70.6,-2.79,0.0
-70.6,-2.54,0.0
-70.6,-2.29,0.0
-70.6,-2.04,0.0
-70.6,-1.79,0.0
-70.6,-1.54,0.0
-70.6,-1.29,0.0
-70.6,-1.04,0.0
-70.6,-0.79,0.0
-70.6,-0.54,0.0
-70.6,-0.29,0.0
-70.6,-0.04,0.0
-70.6,0.21,0.0
-70.6,0.46,0.0
-70.6,0.71,0.0
-70.6,0.96,0.0
-70.6,1.21,0.0
-70.6,1.46,0.0
-70.6,1.71,0.0
-70.6,1.96,0.0
-70.6,2.21,0.0
-70.6,2.46,0.0
-70.6,2.71,0.0
-70.6,2.96,0.0
-70.6,3.21,0.0
-70.6,3.46,0.0
-70.6,3.71,0.0
-70.6,3.96,0.0
-70.6,4.21,0.0
-70.6,4.46,0.0
-70.6,4.71,0.0
-70.6,4.96,0.0
-70.6,5.21,0.0
-70.6,5.46,0.0
-70.6,5.71,0.0
-70.6,5.96,0.0
-70.6,6.21,0.0
-70.6,6.46,0.0
-70.6,6.71,0.0
-70.6,6.96,0.0
-70.6,7.21,0.0
-70.6,7.46,0.0
-70.6,7.71,0.0
-70.6,7.96,0.0
-70.6,8.21,0.0
-70.6,8.46,0.0
-70.6,8.71,0.0
-70.6,8.96,0.0
-70.6,9.21,0.0
-70.6,9.46,0.0
-70.6,9.71,0.0
-70.6,9.96,0.0
-70.6,10.21,0.0
-70.6,10.46,0.0
-70.6,10.71,0.0
-70.6,10.96,0.0
-70.6,11.21,0.0
-70.6,11.46,25.477547
-70.6,11.71,25.520042
-70.6,11.96,25.710846
-70.6,12.21,25.64295
-70.6,12.46,25.65234
-70.35,-4.29,0.0
-70.35,-4.04,0.0
-70.35,-3.79,0.0
-70.35,-3.54,0.0
-70.35,-3.29,0.0
-70.35,-3.04,0.0
-70.35,-2.79,0.0
-70.35,-2.54,0.0
-70.35,-2.29,0.0
-70.35,-2.04,0.0
-70.35,-1.79,0.0
-70.35,-1.54,0.0
-70.35,-1.29,0.0
-70.35,-1.04,0.0
-70.35,-0.79,0.0
-70.35,-0.54,0.0
-70.35,-0.29,0.0
-70.35,-0.04,0.0
-70.35,0.21,0.0
-70.35,0.46,0.0
-70.35,0.71,0.0
-70.35,0.96,0.0
-70.35,1.21,0.0
-70.35,1.46,0.0
-70.35,1.71,0.0
-70.35,1.96,0.0
-70.35,2.21,0.0
-70.35,2.46,0.0
-70.35,2.71,0.0
-70.35,2.96,0.0
-70.35,3.21,0.0
-70.35,3.46,0.0
-70.35,3.71,0.0
-70.35,3.96,0.0
-70.35,4.21,0.0
-70.35,4.46,0.0
-70.35,4.71,0.0
-70.35,4.96,0.0
-70.35,5.21,0.0
-70.35,5.46,0.0
-70.35,5.71,0.0
-70.35,5.96,0.0
-70.35,6.21,0.0
-70.35,6.46,0.0
-70.35,6.71,0.0
-70.35,6.96,0.0
-70.35,7.21,0.0
-70.35,7.46,0.0
-70.35,7.71,0.0
-70.35,7.96,0.0
-70.35,8.21,0.0
-70.35,8.46,0.0
-70.35,8.71,0.0
-70.35,8.96,0.0
-70.35,9.21,0.0
-70.35,9.46,0.0
-70.35,9.71,0.0
-70.35,9.96,0.0
-70.35,10.21,0.0
-70.35,10.46,0.0
-70.35,10.71,0.0
-70.35,10.96,0.0
-70.35,11.21,25.083422
-70.35,11.46,25.076439
-70.35,11.71,25.164557
-70.35,11.96,25.486696
-70.35,12.21,25.571444
-70.35,12.46,26.141327
-70.1,-4.29,0.0
-70.1,-4.04,0.0
-70.1,-3.79,0.0
-70.1,-3.54,0.0
-70.1,-3.29,0.0
-70.1,-3.04,0.0
-70.1,-2.79,0.0
-70.1,-2.54,0.0
-70.1,-2.29,0.0
-70.1,-2.04,0.0
-70.1,-1.79,0.0
-70.1,-1.54,0.0
-70.1,-1.29,0.0
-70.1,-1.04,0.0
-70.1,-0.79,0.0
-70.1,-0.54,0.0
-70.1,-0.29,0.0
-70.1,-0.04,0.0
-70.1,0.21,0.0
-70.1,0.46,0.0
-70.1,0.71,0.0
-70.1,0.96,0.0
-70.1,1.21,0.0
-70.1,1.46,0.0
-70.1,1.71,0.0
-70.1,1.96,0.0
-70.1,2.21,0.0
-70.1,2.46,0.0
-70.1,2.71,0.0
-70.1,2.96,0.0
-70.1,3.21,0.0
-70.1,3.46,0.0
-70.1,3.71,0.0
-70.1,3.96,0.0
-70.1,4.21,0.0
-70.1,4.46,0.0
-70.1,4.71,0.0
-70.1,4.96,0.0
-70.1,5.21,0.0
-70.1,5.46,0.0
-70.1,5.71,0.0
-70.1,5.96,0.0
-70.1,6.21,0.0
-70.1,6.46,0.0
-70.1,6.71,0.0
-70.1,6.96,0.0
-70.1,7.21,0.0
-70.1,7.46,0.0
-70.1,7.71,0.0
-70.1,7.96,0.0
-70.1,8.21,0.0
-70.1,8.46,0.0
-70.1,8.71,0.0
-70.1,8.96,0.0
-70.1,9.21,0.0
-70.1,9.46,0.0
-70.1,9.71,0.0
-70.1,9.96,0.0
-70.1,10.21,0.0
-70.1,10.46,0.0
-70.1,10.71,0.0
-70.1,10.96,0.0
-70.1,11.21,0.0
-70.1,11.46,0.0
-70.1,11.71,0.0
-70.1,11.96,0.0
-70.1,12.21,25.973396
-70.1,12.46,26.614544
-69.85,-4.29,0.0
-69.85,-4.04,0.0
-69.85,-3.79,0.0
-69.85,-3.54,0.0
-69.85,-3.29,0.0
-69.85,-3.04,0.0
-69.85,-2.79,0.0
-69.85,-2.54,0.0
-69.85,-2.29,0.0
-69.85,-2.04,0.0
-69.85,-1.79,0.0
-69.85,-1.54,0.0
-69.85,-1.29,0.0
-69.85,-1.04,0.0
-69.85,-0.79,0.0
-69.85,-0.54,0.0
-69.85,-0.29,0.0
-69.85,-0.04,0.0
-69.85,0.21,0.0
-69.85,0.46,0.0
-69.85,0.71,0.0
-69.85,0.96,0.0
-69.85,1.21,0.0
-69.85,1.46,0.0
-69.85,1.71,0.0
-69.85,1.96,0.0
-69.85,2.21,0.0
-69.85,2.46,0.0
-69.85,2.71,0.0
-69.85,2.96,0.0
-69.85,3.21,0.0
-69.85,3.46,0.0
-69.85,3.71,0.0
-69.85,3.96,0.0
-69.85,4.21,0.0
-69.85,4.46,0.0
-69.85,4.71,0.0
-69.85,4.96,0.0
-69.85,5.21,0.0
-69.85,5.46,0.0
-69.85,5.71,0.0
-69.85,5.96,0.0
-69.85,6.21,0.0
-69.85,6.46,0.0
-69.85,6.71,0.0
-69.85,6.96,0.0
-69.85,7.21,0.0
-69.85,7.46,0.0
-69.85,7.71,0.0
-69.85,7.96,0.0
-69.85,8.21,0.0
-69.85,8.46,0.0
-69.85,8.71,0.0
-69.85,8.96,0.0
-69.85,9.21,0.0
-69.85,9.46,0.0
-69.85,9.71,0.0
-69.85,9.96,0.0
-69.85,10.21,0.0
-69.85,10.46,0.0
-69.85,10.71,0.0
-69.85,10.96,0.0
-69.85,11.21,0.0
-69.85,11.46,0.0
-69.85,11.71,26.468161
-69.85,11.96,26.4105
-69.85,12.21,26.452633
-69.85,12.46,26.91983
-69.6,-4.29,0.0
-69.6,-4.04,0.0
-69.6,-3.79,0.0
-69.6,-3.54,0.0
-69.6,-3.29,0.0
-69.6,-3.04,0.0
-69.6,-2.79,0.0
-69.6,-2.54,0.0
-69.6,-2.29,0.0
-69.6,-2.04,0.0
-69.6,-1.79,0.0
-69.6,-1.54,0.0
-69.6,-1.29,0.0
-69.6,-1.04,0.0
-69.6,-0.79,0.0
-69.6,-0.54,0.0
-69.6,-0.29,0.0
-69.6,-0.04,0.0
-69.6,0.21,0.0
-69.6,0.46,0.0
-69.6,0.71,0.0
-69.6,0.96,0.0
-69.6,1.21,0.0
-69.6,1.46,0.0
-69.6,1.71,0.0
-69.6,1.96,0.0
-69.6,2.21,0.0
-69.6,2.46,0.0
-69.6,2.71,0.0
-69.6,2.96,0.0
-69.6,3.21,0.0
-69.6,3.46,0.0
-69.6,3.71,0.0
-69.6,3.96,0.0
-69.6,4.21,0.0
-69.6,4.46,0.0
-69.6,4.71,0.0
-69.6,4.96,0.0
-69.6,5.21,0.0
-69.6,5.46,0.0
-69.6,5.71,0.0
-69.6,5.96,0.0
-69.6,6.21,0.0
-69.6,6.46,0.0
-69.6,6.71,0.0
-69.6,6.96,0.0
-69.6,7.21,0.0
-69.6,7.46,0.0
-69.6,7.71,0.0
-69.6,7.96,0.0
-69.6,8.21,0.0
-69.6,8.46,0.0
-69.6,8.71,0.0
-69.6,8.96,0.0
-69.6,9.21,0.0
-69.6,9.46,0.0
-69.6,9.71,0.0
-69.6,9.96,0.0
-69.6,10.21,0.0
-69.6,10.46,0.0
-69.6,10.71,0.0
-69.6,10.96,0.0
-69.6,11.21,0.0
-69.6,11.46,0.0
-69.6,11.71,26.179367
-69.6,11.96,26.549177
-69.6,12.21,26.84038
-69.6,12.46,27.1252
-69.35,-4.29,0.0
-69.35,-4.04,0.0
-69.35,-3.79,0.0
-69.35,-3.54,0.0
-69.35,-3.29,0.0
-69.35,-3.04,0.0
-69.35,-2.79,0.0
-69.35,-2.54,0.0
-69.35,-2.29,0.0
-69.35,-2.04,0.0
-69.35,-1.79,0.0
-69.35,-1.54,0.0
-69.35,-1.29,0.0
-69.35,-1.04,0.0
-69.35,-0.79,0.0
-69.35,-0.54,0.0
-69.35,-0.29,0.0
-69.35,-0.04,0.0
-69.35,0.21,0.0
-69.35,0.46,0.0
-69.35,0.71,0.0
-69.35,0.96,0.0
-69.35,1.21,0.0
-69.35,1.46,0.0
-69.35,1.71,0.0
-69.35,1.96,0.0
-69.35,2.21,0.0
-69.35,2.46,0.0
-69.35,2.71,0.0
-69.35,2.96,0.0
-69.35,3.21,0.0
-69.35,3.46,0.0
-69.35,3.71,0.0
-69.35,3.96,0.0
-69.35,4.21,0.0
-69.35,4.46,0.0
-69.35,4.71,0.0
-69.35,4.96,0.0
-69.35,5.21,0.0
-69.35,5.46,0.0
-69.35,5.71,0.0
-69.35,5.96,0.0
-69.35,6.21,0.0
-69.35,6.46,0.0
-69.35,6.71,0.0
-69.35,6.96,0.0
-69.35,7.21,0.0
-69.35,7.46,0.0
-69.35,7.71,0.0
-69.35,7.96,0.0
-69.35,8.21,0.0
-69.35,8.46,0.0
-69.35,8.71,0.0
-69.35,8.96,0.0
-69.35,9.21,0.0
-69.35,9.46,0.0
-69.35,9.71,0.0
-69.35,9.96,0.0
-69.35,10.21,0.0
-69.35,10.46,0.0
-69.35,10.71,0.0
-69.35,10.96,0.0
-69.35,11.21,0.0
-69.35,11.46,0.0
-69.35,11.71,26.27507
-69.35,11.96,27.032867
-69.35,12.21,27.149517
-69.35,12.46,27.222347
-69.1,-4.29,0.0
-69.1,-4.04,0.0
-69.1,-3.79,0.0
-69.1,-3.54,0.0
-69.1,-3.29,0.0
-69.1,-3.04,0.0
-69.1,-2.79,0.0
-69.1,-2.54,0.0
-69.1,-2.29,0.0
-69.1,-2.04,0.0
-69.1,-1.79,0.0
-69.1,-1.54,0.0
-69.1,-1.29,0.0
-69.1,-1.04,0.0
-69.1,-0.79,0.0
-69.1,-0.54,0.0
-69.1,-0.29,0.0
-69.1,-0.04,0.0
-69.1,0.21,0.0
-69.1,0.46,0.0
-69.1,0.71,0.0
-69.1,0.96,0.0
-69.1,1.21,0.0
-69.1,1.46,0.0
-69.1,1.71,0.0
-69.1,1.96,0.0
-69.1,2.21,0.0
-69.1,2.46,0.0
-69.1,2.71,0.0
-69.1,2.96,0.0
-69.1,3.21,0.0
-69.1,3.46,0.0
-69.1,3.71,0.0
-69.1,3.96,0.0
-69.1,4.21,0.0
-69.1,4.46,0.0
-69.1,4.71,0.0
-69.1,4.96,0.0
-69.1,5.21,0.0
-69.1,5.46,0.0
-69.1,5.71,0.0
-69.1,5.96,0.0
-69.1,6.21,0.0
-69.1,6.46,0.0
-69.1,6.71,0.0
-69.1,6.96,0.0
-69.1,7.21,0.0
-69.1,7.46,0.0
-69.1,7.71,0.0
-69.1,7.96,0.0
-69.1,8.21,0.0
-69.1,8.46,0.0
-69.1,8.71,0.0
-69.1,8.96,0.0
-69.1,9.21,0.0
-69.1,9.46,0.0
-69.1,9.71,0.0
-69.1,9.96,0.0
-69.1,10.21,0.0
-69.1,10.46,0.0
-69.1,10.71,0.0
-69.1,10.96,0.0
-69.1,11.21,0.0
-69.1,11.46,27.231857
-69.1,11.71,27.04623
-69.1,11.96,27.412668
-69.1,12.21,27.258581
-69.1,12.46,27.376554
-68.85,-4.29,0.0
-68.85,-4.04,0.0
-68.85,-3.79,0.0
-68.85,-3.54,0.0
-68.85,-3.29,0.0
-68.85,-3.04,0.0
-68.85,-2.79,0.0
-68.85,-2.54,0.0
-68.85,-2.29,0.0
-68.85,-2.04,0.0
-68.85,-1.79,0.0
-68.85,-1.54,0.0
-68.85,-1.29,0.0
-68.85,-1.04,0.0
-68.85,-0.79,0.0
-68.85,-0.54,0.0
-68.85,-0.29,0.0
-68.85,-0.04,0.0
-68.85,0.21,0.0
-68.85,0.46,0.0
-68.85,0.71,0.0
-68.85,0.96,0.0
-68.85,1.21,0.0
-68.85,1.46,0.0
-68.85,1.71,0.0
-68.85,1.96,0.0
-68.85,2.21,0.0
-68.85,2.46,0.0
-68.85,2.71,0.0
-68.85,2.96,0.0
-68.85,3.21,0.0
-68.85,3.46,0.0
-68.85,3.71,0.0
-68.85,3.96,0.0
-68.85,4.21,0.0
-68.85,4.46,0.0
-68.85,4.71,0.0
-68.85,4.96,0.0
-68.85,5.21,0.0
-68.85,5.46,0.0
-68.85,5.71,0.0
-68.85,5.96,0.0
-68.85,6.21,0.0
-68.85,6.46,0.0
-68.85,6.71,0.0
-68.85,6.96,0.0
-68.85,7.21,0.0
-68.85,7.46,0.0
-68.85,7.71,0.0
-68.85,7.96,0.0
-68.85,8.21,0.0
-68.85,8.46,0.0
-68.85,8.71,0.0
-68.85,8.96,0.0
-68.85,9.21,0.0
-68.85,9.46,0.0
-68.85,9.71,0.0
-68.85,9.96,0.0
-68.85,10.21,0.0
-68.85,10.46,0.0
-68.85,10.71,0.0
-68.85,10.96,0.0
-68.85,11.21,26.855907
-68.85,11.46,27.078371
-68.85,11.71,27.308661
-68.85,11.96,27.528837
-68.85,12.21,27.392927
-68.85,12.46,27.535095
-68.6,-4.29,0.0
-68.6,-4.04,0.0
-68.6,-3.79,0.0
-68.6,-3.54,0.0
-68.6,-3.29,0.0
-68.6,-3.04,0.0
-68.6,-2.79,0.0
-68.6,-2.54,0.0
-68.6,-2.29,0.0
-68.6,-2.04,0.0
-68.6,-1.79,0.0
-68.6,-1.54,0.0
-68.6,-1.29,0.0
-68.6,-1.04,0.0
-68.6,-0.79,0.0
-68.6,-0.54,0.0
-68.6,-0.29,0.0
-68.6,-0.04,0.0
-68.6,0.21,0.0
-68.6,0.46,0.0
-68.6,0.71,0.0
-68.6,0.96,0.0
-68.6,1.21,0.0
-68.6,1.46,0.0
-68.6,1.71,0.0
-68.6,1.96,0.0
-68.6,2.21,0.0
-68.6,2.46,0.0
-68.6,2.71,0.0
-68.6,2.96,0.0
-68.6,3.21,0.0
-68.6,3.46,0.0
-68.6,3.71,0.0
-68.6,3.96,0.0
-68.6,4.21,0.0
-68.6,4.46,0.0
-68.6,4.71,0.0
-68.6,4.96,0.0
-68.6,5.21,0.0
-68.6,5.46,0.0
-68.6,5.71,0.0
-68.6,5.96,0.0
-68.6,6.21,0.0
-68.6,6.46,0.0
-68.6,6.71,0.0
-68.6,6.96,0.0
-68.6,7.21,0.0
-68.6,7.46,0.0
-68.6,7.71,0.0
-68.6,7.96,0.0
-68.6,8.21,0.0
-68.6,8.46,0.0
-68.6,8.71,0.0
-68.6,8.96,0.0
-68.6,9.21,0.0
-68.6,9.46,0.0
-68.6,9.71,0.0
-68.6,9.96,0.0
-68.6,10.21,0.0
-68.6,10.46,0.0
-68.6,10.71,0.0
-68.6,10.96,26.773808
-68.6,11.21,26.829424
-68.6,11.46,27.050081
-68.6,11.71,27.461304
-68.6,11.96,27.632605
-68.6,12.21,27.551588
-68.6,12.46,27.646328
-68.35,-4.29,0.0
-68.35,-4.04,0.0
-68.35,-3.79,0.0
-68.35,-3.54,0.0
-68.35,-3.29,0.0
-68.35,-3.04,0.0
-68.35,-2.79,0.0
-68.35,-2.54,0.0
-68.35,-2.29,0.0
-68.35,-2.04,0.0
-68.35,-1.79,0.0
-68.35,-1.54,0.0
-68.35,-1.29,0.0
-68.35,-1.04,0.0
-68.35,-0.79,0.0
-68.35,-0.54,0.0
-68.35,-0.29,0.0
-68.35,-0.04,0.0
-68.35,0.21,0.0
-68.35,0.46,0.0
-68.35,0.71,0.0
-68.35,0.96,0.0
-68.35,1.21,0.0
-68.35,1.46,0.0
-68.35,1.71,0.0
-68.35,1.96,0.0
-68.35,2.21,0.0
-68.35,2.46,0.0
-68.35,2.71,0.0
-68.35,2.96,0.0
-68.35,3.21,0.0
-68.35,3.46,0.0
-68.35,3.71,0.0
-68.35,3.96,0.0
-68.35,4.21,0.0
-68.35,4.46,0.0
-68.35,4.71,0.0
-68.35,4.96,0.0
-68.35,5.21,0.0
-68.35,5.46,0.0
-68.35,5.71,0.0
-68.35,5.96,0.0
-68.35,6.21,0.0
-68.35,6.46,0.0
-68.35,6.71,0.0
-68.35,6.96,0.0
-68.35,7.21,0.0
-68.35,7.46,0.0
-68.35,7.71,0.0
-68.35,7.96,0.0
-68.35,8.21,0.0
-68.35,8.46,0.0
-68.35,8.71,0.0
-68.35,8.96,0.0
-68.35,9.21,0.0
-68.35,9.46,0.0
-68.35,9.71,0.0
-68.35,9.96,0.0
-68.35,10.21,0.0
-68.35,10.46,0.0
-68.35,10.71,0.0
-68.35,10.96,26.855547
-68.35,11.21,26.961361
-68.35,11.46,27.297705
-68.35,11.71,27.574701
-68.35,11.96,27.647411
-68.35,12.21,27.617195
-68.35,12.46,27.691711
-68.1,-4.29,0.0
-68.1,-4.04,0.0
-68.1,-3.79,0.0
-68.1,-3.54,0.0
-68.1,-3.29,0.0
-68.1,-3.04,0.0
-68.1,-2.79,0.0
-68.1,-2.54,0.0
-68.1,-2.29,0.0
-68.1,-2.04,0.0
-68.1,-1.79,0.0
-68.1,-1.54,0.0
-68.1,-1.29,0.0
-68.1,-1.04,0.0
-68.1,-0.79,0.0
-68.1,-0.54,0.0
-68.1,-0.29,0.0
-68.1,-0.04,0.0
-68.1,0.21,0.0
-68.1,0.46,0.0
-68.1,0.71,0.0
-68.1,0.96,0.0
-68.1,1.21,0.0
-68.1,1.46,0.0
-68.1,1.71,0.0
-68.1,1.96,0.0
-68.1,2.21,0.0
-68.1,2.46,0.0
-68.1,2.71,0.0
-68.1,2.96,0.0
-68.1,3.21,0.0
-68.1,3.46,0.0
-68.1,3.71,0.0
-68.1,3.96,0.0
-68.1,4.21,0.0
-68.1,4.46,0.0
-68.1,4.71,0.0
-68.1,4.96,0.0
-68.1,5.21,0.0
-68.1,5.46,0.0
-68.1,5.71,0.0
-68.1,5.96,0.0
-68.1,6.21,0.0
-68.1,6.46,0.0
-68.1,6.71,0.0
-68.1,6.96,0.0
-68.1,7.21,0.0
-68.1,7.46,0.0
-68.1,7.71,0.0
-68.1,7.96,0.0
-68.1,8.21,0.0
-68.1,8.46,0.0
-68.1,8.71,0.0
-68.1,8.96,0.0
-68.1,9.21,0.0
-68.1,9.46,0.0
-68.1,9.71,0.0
-68.1,9.96,0.0
-68.1,10.21,0.0
-68.1,10.46,26.386183
-68.1,10.71,26.973038
-68.1,10.96,26.944267
-68.1,11.21,27.10955
-68.1,11.46,27.417124
-68.1,11.71,27.571934
-68.1,11.96,27.655478
-68.1,12.21,27.655958
-68.1,12.46,27.707964
-67.85,-4.29,0.0
-67.85,-4.04,0.0
-67.85,-3.79,0.0
-67.85,-3.54,0.0
-67.85,-3.29,0.0
-67.85,-3.04,0.0
-67.85,-2.79,0.0
-67.85,-2.54,0.0
-67.85,-2.29,0.0
-67.85,-2.04,0.0
-67.85,-1.79,0.0
-67.85,-1.54,0.0
-67.85,-1.29,0.0
-67.85,-1.04,0.0
-67.85,-0.79,0.0
-67.85,-0.54,0.0
-67.85,-0.29,0.0
-67.85,-0.04,0.0
-67.85,0.21,0.0
-67.85,0.46,0.0
-67.85,0.71,0.0
-67.85,0.96,0.0
-67.85,1.21,0.0
-67.85,1.46,0.0
-67.85,1.71,0.0
-67.85,1.96,0.0
-67.85,2.21,0.0
-67.85,2.46,0.0
-67.85,2.71,0.0
-67.85,2.96,0.0
-67.85,3.21,0.0
-67.85,3.46,0.0
-67.85,3.71,0.0
-67.85,3.96,0.0
-67.85,4.21,0.0
-67.85,4.46,0.0
-67.85,4.71,0.0
-67.85,4.96,0.0
-67.85,5.21,0.0
-67.85,5.46,0.0
-67.85,5.71,0.0
-67.85,5.96,0.0
-67.85,6.21,0.0
-67.85,6.46,0.0
-67.85,6.71,0.0
-67.85,6.96,0.0
-67.85,7.21,0.0
-67.85,7.46,0.0
-67.85,7.71,0.0
-67.85,7.96,0.0
-67.85,8.21,0.0
-67.85,8.46,0.0
-67.85,8.71,0.0
-67.85,8.96,0.0
-67.85,9.21,0.0
-67.85,9.46,0.0
-67.85,9.71,0.0
-67.85,9.96,0.0
-67.85,10.21,0.0
-67.85,10.46,26.536177
-67.85,10.71,26.853861
-67.85,10.96,26.899124
-67.85,11.21,27.047554
-67.85,11.46,27.32443
-67.85,11.71,27.513308
-67.85,11.96,27.627068
-67.85,12.21,27.659571
-67.85,12.46,27.701702
-67.6,-4.29,0.0
-67.6,-4.04,0.0
-67.6,-3.79,0.0
-67.6,-3.54,0.0
-67.6,-3.29,0.0
-67.6,-3.04,0.0
-67.6,-2.79,0.0
-67.6,-2.54,0.0
-67.6,-2.29,0.0
-67.6,-2.04,0.0
-67.6,-1.79,0.0
-67.6,-1.54,0.0
-67.6,-1.29,0.0
-67.6,-1.04,0.0
-67.6,-0.79,0.0
-67.6,-0.54,0.0
-67.6,-0.29,0.0
-67.6,-0.04,0.0
-67.6,0.21,0.0
-67.6,0.46,0.0
-67.6,0.71,0.0
-67.6,0.96,0.0
-67.6,1.21,0.0
-67.6,1.46,0.0
-67.6,1.71,0.0
-67.6,1.96,0.0
-67.6,2.21,0.0
-67.6,2.46,0.0
-67.6,2.71,0.0
-67.6,2.96,0.0
-67.6,3.21,0.0
-67.6,3.46,0.0
-67.6,3.71,0.0
-67.6,3.96,0.0
-67.6,4.21,0.0
-67.6,4.46,0.0
-67.6,4.71,0.0
-67.6,4.96,0.0
-67.6,5.21,0.0
-67.6,5.46,0.0
-67.6,5.71,0.0
-67.6,5.96,0.0
-67.6,6.21,0.0
-67.6,6.46,0.0
-67.6,6.71,0.0
-67.6,6.96,0.0
-67.6,7.21,0.0
-67.6,7.46,0.0
-67.6,7.71,0.0
-67.6,7.96,0.0
-67.6,8.21,0.0
-67.6,8.46,0.0
-67.6,8.71,0.0
-67.6,8.96,0.0
-67.6,9.21,0.0
-67.6,9.46,0.0
-67.6,9.71,0.0
-67.6,9.96,0.0
-67.6,10.21,0.0
-67.6,10.46,25.8612
-67.6,10.71,26.552427
-67.6,10.96,26.683161
-67.6,11.21,26.831711
-67.6,11.46,27.132784
-67.6,11.71,27.414354
-67.6,11.96,27.589991
-67.6,12.21,27.658005
-67.6,12.46,27.697008
-67.35,-4.29,0.0
-67.35,-4.04,0.0
-67.35,-3.79,0.0
-67.35,-3.54,0.0
-67.35,-3.29,0.0
-67.35,-3.04,0.0
-67.35,-2.79,0.0
-67.35,-2.54,0.0
-67.35,-2.29,0.0
-67.35,-2.04,0.0
-67.35,-1.79,0.0
-67.35,-1.54,0.0
-67.35,-1.29,0.0
-67.35,-1.04,0.0
-67.35,-0.79,0.0
-67.35,-0.54,0.0
-67.35,-0.29,0.0
-67.35,-0.04,0.0
-67.35,0.21,0.0
-67.35,0.46,0.0
-67.35,0.71,0.0
-67.35,0.96,0.0
-67.35,1.21,0.0
-67.35,1.46,0.0
-67.35,1.71,0.0
-67.35,1.96,0.0
-67.35,2.21,0.0
-67.35,2.46,0.0
-67.35,2.71,0.0
-67.35,2.96,0.0
-67.35,3.21,0.0
-67.35,3.46,0.0
-67.35,3.71,0.0
-67.35,3.96,0.0
-67.35,4.21,0.0
-67.35,4.46,0.0
-67.35,4.71,0.0
-67.35,4.96,0.0
-67.35,5.21,0.0
-67.35,5.46,0.0
-67.35,5.71,0.0
-67.35,5.96,0.0
-67.35,6.21,0.0
-67.35,6.46,0.0
-67.35,6.71,0.0
-67.35,6.96,0.0
-67.35,7.21,0.0
-67.35,7.46,0.0
-67.35,7.71,0.0
-67.35,7.96,0.0
-67.35,8.21,0.0
-67.35,8.46,0.0
-67.35,8.71,0.0
-67.35,8.96,0.0
-67.35,9.21,0.0
-67.35,9.46,0.0
-67.35,9.71,0.0
-67.35,9.96,0.0
-67.35,10.21,0.0
-67.35,10.46,0.0
-67.35,10.71,26.447697
-67.35,10.96,26.607321
-67.35,11.21,26.729267
-67.35,11.46,26.921515
-67.35,11.71,27.236551
-67.35,11.96,27.520773
-67.35,12.21,27.643559
-67.35,12.46,27.606121
-67.1,-4.29,0.0
-67.1,-4.04,0.0
-67.1,-3.79,0.0
-67.1,-3.54,0.0
-67.1,-3.29,0.0
-67.1,-3.04,0.0
-67.1,-2.79,0.0
-67.1,-2.54,0.0
-67.1,-2.29,0.0
-67.1,-2.04,0.0
-67.1,-1.79,0.0
-67.1,-1.54,0.0
-67.1,-1.29,0.0
-67.1,-1.04,0.0
-67.1,-0.79,0.0
-67.1,-0.54,0.0
-67.1,-0.29,0.0
-67.1,-0.04,0.0
-67.1,0.21,0.0
-67.1,0.46,0.0
-67.1,0.71,0.0
-67.1,0.96,0.0
-67.1,1.21,0.0
-67.1,1.46,0.0
-67.1,1.71,0.0
-67.1,1.96,0.0
-67.1,2.21,0.0
-67.1,2.46,0.0
-67.1,2.71,0.0
-67.1,2.96,0.0
-67.1,3.21,0.0
-67.1,3.46,0.0
-67.1,3.71,0.0
-67.1,3.96,0.0
-67.1,4.21,0.0
-67.1,4.46,0.0
-67.1,4.71,0.0
-67.1,4.96,0.0
-67.1,5.21,0.0
-67.1,5.46,0.0
-67.1,5.71,0.0
-67.1,5.96,0.0
-67.1,6.21,0.0
-67.1,6.46,0.0
-67.1,6.71,0.0
-67.1,6.96,0.0
-67.1,7.21,0.0
-67.1,7.46,0.0
-67.1,7.71,0.0
-67.1,7.96,0.0
-67.1,8.21,0.0
-67.1,8.46,0.0
-67.1,8.71,0.0
-67.1,8.96,0.0
-67.1,9.21,0.0
-67.1,9.46,0.0
-67.1,9.71,0.0
-67.1,9.96,0.0
-67.1,10.21,0.0
-67.1,10.46,0.0
-67.1,10.71,26.18611
-67.1,10.96,26.530157
-67.1,11.21,26.651743
-67.1,11.46,26.759483
-67.1,11.71,27.068981
-67.1,11.96,27.302158
-67.1,12.21,27.498741
-67.1,12.46,27.395817
-66.85,-4.29,0.0
-66.85,-4.04,0.0
-66.85,-3.79,0.0
-66.85,-3.54,0.0
-66.85,-3.29,0.0
-66.85,-3.04,0.0
-66.85,-2.79,0.0
-66.85,-2.54,0.0
-66.85,-2.29,0.0
-66.85,-2.04,0.0
-66.85,-1.79,0.0
-66.85,-1.54,0.0
-66.85,-1.29,0.0
-66.85,-1.04,0.0
-66.85,-0.79,0.0
-66.85,-0.54,0.0
-66.85,-0.29,0.0
-66.85,-0.04,0.0
-66.85,0.21,0.0
-66.85,0.46,0.0
-66.85,0.71,0.0
-66.85,0.96,0.0
-66.85,1.21,0.0
-66.85,1.46,0.0
-66.85,1.71,0.0
-66.85,1.96,0.0
-66.85,2.21,0.0
-66.85,2.46,0.0
-66.85,2.71,0.0
-66.85,2.96,0.0
-66.85,3.21,0.0
-66.85,3.46,0.0
-66.85,3.71,0.0
-66.85,3.96,0.0
-66.85,4.21,0.0
-66.85,4.46,0.0
-66.85,4.71,0.0
-66.85,4.96,0.0
-66.85,5.21,0.0
-66.85,5.46,0.0
-66.85,5.71,0.0
-66.85,5.96,0.0
-66.85,6.21,0.0
-66.85,6.46,0.0
-66.85,6.71,0.0
-66.85,6.96,0.0
-66.85,7.21,0.0
-66.85,7.46,0.0
-66.85,7.71,0.0
-66.85,7.96,0.0
-66.85,8.21,0.0
-66.85,8.46,0.0
-66.85,8.71,0.0
-66.85,8.96,0.0
-66.85,9.21,0.0
-66.85,9.46,0.0
-66.85,9.71,0.0
-66.85,9.96,0.0
-66.85,10.21,0.0
-66.85,10.46,0.0
-66.85,10.71,25.989767
-66.85,10.96,26.57205
-66.85,11.21,26.662457
-66.85,11.46,26.656677
-66.85,11.71,26.997597
-66.85,11.96,27.044424
-66.85,12.21,27.249071
-66.85,12.46,27.292891
-66.6,-4.29,0.0
-66.6,-4.04,0.0
-66.6,-3.79,0.0
-66.6,-3.54,0.0
-66.6,-3.29,0.0
-66.6,-3.04,0.0
-66.6,-2.79,0.0
-66.6,-2.54,0.0
-66.6,-2.29,0.0
-66.6,-2.04,0.0
-66.6,-1.79,0.0
-66.6,-1.54,0.0
-66.6,-1.29,0.0
-66.6,-1.04,0.0
-66.6,-0.79,0.0
-66.6,-0.54,0.0
-66.6,-0.29,0.0
-66.6,-0.04,0.0
-66.6,0.21,0.0
-66.6,0.46,0.0
-66.6,0.71,0.0
-66.6,0.96,0.0
-66.6,1.21,0.0
-66.6,1.46,0.0
-66.6,1.71,0.0
-66.6,1.96,0.0
-66.6,2.21,0.0
-66.6,2.46,0.0
-66.6,2.71,0.0
-66.6,2.96,0.0
-66.6,3.21,0.0
-66.6,3.46,0.0
-66.6,3.71,0.0
-66.6,3.96,0.0
-66.6,4.21,0.0
-66.6,4.46,0.0
-66.6,4.71,0.0
-66.6,4.96,0.0
-66.6,5.21,0.0
-66.6,5.46,0.0
-66.6,5.71,0.0
-66.6,5.96,0.0
-66.6,6.21,0.0
-66.6,6.46,0.0
-66.6,6.71,0.0
-66.6,6.96,0.0
-66.6,7.21,0.0
-66.6,7.46,0.0
-66.6,7.71,0.0
-66.6,7.96,0.0
-66.6,8.21,0.0
-66.6,8.46,0.0
-66.6,8.71,0.0
-66.6,8.96,0.0
-66.6,9.21,0.0
-66.6,9.46,0.0
-66.6,9.71,0.0
-66.6,9.96,0.0
-66.6,10.21,0.0
-66.6,10.46,0.0
-66.6,10.71,25.917059
-66.6,10.96,26.545807
-66.6,11.21,26.646324
-66.6,11.46,26.616711
-66.6,11.71,26.953417
-66.6,11.96,26.957148
-66.6,12.21,27.106421
-66.6,12.46,27.208141
