longitude,latitude,accumulated_precipitation
-79.1,-4.29,0.576535
-79.1,-4.04,0.708067
-79.1,-3.79,0.651314
-79.1,-3.54,0.382242
-79.1,-3.29,0.42731
-79.1,-3.04,0.327493
-79.1,-2.79,0.171592
-79.1,-2.54,0.615928
-79.1,-2.29,0.807216
-79.1,-2.04,0.670343
-79.1,-1.79,0.604244
-79.1,-1.54,0.506096
-79.1,-1.29,0.554502
-79.1,-1.04,0.664334
-79.1,-0.79,1.230854
-79.1,-0.54,1.251218
-79.1,-0.29,0.703059
-79.1,-0.04,0.325824
-79.1,0.21,0.236356
-79.1,0.46,0.210984
-79.1,0.71,0.045068
-79.1,0.96,0.008012
-79.1,1.21,0.000334
-79.1,1.46,0.000334
-79.1,1.71,0.003672
-79.1,1.96,0.002337
-79.1,2.21,0.001002
-79.1,2.46,0.006009
-79.1,2.71,0.028376
-79.1,2.96,0.069104
-79.1,3.21,0.071107
-79.1,3.46,0.031381
-79.1,3.71,0.033384
-79.1,3.96,0.020364
-79.1,4.21,0.003005
-79.1,4.46,0.000668
-79.1,4.71,0.000334
-79.1,4.96,0.0
-79.1,5.21,0.0
-79.1,5.46,0.0
-79.1,5.71,0.0
-79.1,5.96,0.0
-79.1,6.21,0.0
-79.1,6.46,0.0
-79.1,6.71,0.0
-79.1,6.96,0.0
-79.1,7.21,0.0
-79.1,7.46,0.0
-79.1,7.71,0.0
-79.1,7.96,0.0
-79.1,8.21,0.0
-79.1,8.46,0.0
-79.1,8.71,0.000334
-79.1,8.96,0.002003
-79.1,9.21,0.045736
-79.1,9.46,0.093808
-79.1,9.71,0.105492
-79.1,9.96,0.071441
-79.1,10.21,0.016692
-79.1,10.46,0.003005
-79.1,10.71,0.006009
-79.1,10.96,0.003672
-79.1,11.21,0.001669
-79.1,11.46,0.003338
-79.1,11.71,0.005008
-79.1,11.96,0.00434
-79.1,12.21,0.006343
-79.1,12.46,0.009681
-78.85,-4.29,0.297782
-78.85,-4.04,0.382242
-78.85,-3.79,0.336507
-78.85,-3.54,0.27408
-78.85,-3.29,0.177267
-78.85,-3.04,0.145886
-78.85,-2.79,0.078452
-78.85,-2.54,0.361545
-78.85,-2.29,0.458023
-78.85,-2.04,0.293776
-78.85,-1.79,0.30112
-78.85,-1.54,0.302122
-78.85,-1.29,0.492075
-78.85,-1.04,0.327493
-78.85,-0.79,0.980143
-78.85,-0.54,1.050249
-78.85,-0.29,0.959779
-78.85,-0.04,0.935743
-78.85,0.21,0.618265
-78.85,0.46,0.322152
-78.85,0.71,0.187616
-78.85,0.96,0.029378
-78.85,1.21,0.00868
-78.85,1.46,0.000334
-78.85,1.71,0.002337
-78.85,1.96,0.005341
-78.85,2.21,0.004006
-78.85,2.46,0.002337
-78.85,2.71,0.021366
-78.85,2.96,0.071441
-78.85,3.21,0.093808
-78.85,3.46,0.025372
-78.85,3.71,0.020364
-78.85,3.96,0.011684
-78.85,4.21,0.003005
-78.85,4.46,0.004006
-78.85,4.71,0.002003
-78.85,4.96,0.0
-78.85,5.21,0.0
-78.85,5.46,0.0
-78.85,5.71,0.0
-78.85,5.96,0.0
-78.85,6.21,0.0
-78.85,6.46,0.0
-78.85,6.71,0.0
-78.85,6.96,0.0
-78.85,7.21,0.0
-78.85,7.46,0.0
-78.85,7.71,0.000334
-78.85,7.96,0.0
-78.85,8.21,0.0
-78.85,8.46,0.0
-78.85,8.71,0.000334
-78.85,8.96,0.006343
-78.85,9.21,0.043399
-78.85,9.46,0.111167
-78.85,9.71,0.149225
-78.85,9.96,0.047405
-78.85,10.21,0.010349
-78.85,10.46,0.005675
-78.85,10.71,0.006343
-78.85,10.96,0.005675
-78.85,11.21,0.003338
-78.85,11.46,0.004674
-78.85,11.71,0.007011
-78.85,11.96,0.003672
-78.85,12.21,0.005341
-78.85,12.46,0.005008
-78.6,-4.29,0.114172
-78.6,-4.04,0.176933
-78.6,-3.79,0.105826
-78.6,-3.54,0.090803
-78.6,-3.29,0.092806
-78.6,-3.04,0.156235
-78.6,-2.79,0.112837
-78.6,-2.54,0.258055
-78.6,-2.29,0.305126
-78.6,-2.04,0.228678
-78.6,-1.79,0.24103
-78.6,-1.54,0.19496
-78.6,-1.29,0.357872
-78.6,-1.04,0.819568
-78.6,-0.79,0.376901
-78.6,-0.54,0.394928
-78.6,-0.29,1.299624
-78.6,-0.04,1.627118
-78.6,0.21,1.090977
-78.6,0.46,0.426643
-78.6,0.71,0.221667
-78.6,0.96,0.235021
-78.6,1.21,0.13053
-78.6,1.46,0.058421
-78.6,1.71,0.01302
-78.6,1.96,0.007011
-78.6,2.21,0.002671
-78.6,2.46,0.001002
-78.6,2.71,0.009681
-78.6,2.96,0.032716
-78.6,3.21,0.039727
-78.6,3.46,0.00434
-78.6,3.71,0.002003
-78.6,3.96,0.002003
-78.6,4.21,0.003672
-78.6,4.46,0.005341
-78.6,4.71,0.005675
-78.6,4.96,0.003672
-78.6,5.21,0.002003
-78.6,5.46,0.006343
-78.6,5.71,0.003005
-78.6,5.96,0.003338
-78.6,6.21,0.001335
-78.6,6.46,0.000334
-78.6,6.71,0.0
-78.6,6.96,0.0
-78.6,7.21,0.0
-78.6,7.46,0.001335
-78.6,7.71,0.009014
-78.6,7.96,0.026373
-78.6,8.21,0.079787
-78.6,8.46,0.038391
-78.6,8.71,0.002671
-78.6,8.96,0.025038
-78.6,9.21,0.133534
-78.6,9.46,0.218663
-78.6,9.71,0.169255
-78.6,9.96,0.054749
-78.6,10.21,0.029711
-78.6,10.46,0.037723
-78.6,10.71,0.031714
-78.6,10.96,0.020364
-78.6,11.21,0.008012
-78.6,11.46,0.006677
-78.6,11.71,0.007011
-78.6,11.96,0.003672
-78.6,12.21,0.003672
-78.6,12.46,0.003338
-78.35,-4.29,0.136539
-78.35,-4.04,0.264064
-78.35,-3.79,0.110166
-78.35,-3.54,0.089134
-78.35,-3.29,0.066767
-78.35,-3.04,0.125856
-78.35,-2.79,0.247373
-78.35,-2.54,0.208981
-78.35,-2.29,0.175932
-78.35,-2.04,0.211986
-78.35,-1.79,0.207312
-78.35,-1.54,0.123853
-78.35,-1.29,0.219998
-78.35,-1.04,0.657991
-78.35,-0.79,0.153898
-78.35,-0.54,0.207646
-78.35,-0.29,0.994832
-78.35,-0.04,1.138382
-78.35,0.21,0.729766
-78.35,0.46,0.642969
-78.35,0.71,0.272744
-78.35,0.96,1.282599
-78.35,1.21,1.634128
-78.35,1.46,0.836594
-78.35,1.71,0.928399
-78.35,1.96,0.492408
-78.35,2.21,0.131198
-78.35,2.46,0.001002
-78.35,2.71,0.004006
-78.35,2.96,0.003338
-78.35,3.21,0.003005
-78.35,3.46,0.001335
-78.35,3.71,0.000334
-78.35,3.96,0.001335
-78.35,4.21,0.003672
-78.35,4.46,0.009681
-78.35,4.71,0.01135
-78.35,4.96,0.006677
-78.35,5.21,0.005008
-78.35,5.46,0.018361
-78.35,5.71,0.029044
-78.35,5.96,0.032382
-78.35,6.21,0.042397
-78.35,6.46,0.022701
-78.35,6.71,0.006677
-78.35,6.96,0.001335
-78.35,7.21,0.002671
-78.35,7.46,0.004674
-78.35,7.71,0.026707
-78.35,7.96,0.108163
-78.35,8.21,0.225339
-78.35,8.46,0.111167
-78.35,8.71,0.053414
-78.35,8.96,0.071441
-78.35,9.21,0.202972
-78.35,9.46,0.274747
-78.35,9.71,0.160575
-78.35,9.96,0.080788
-78.35,10.21,0.068103
-78.35,10.46,0.080455
-78.35,10.71,0.065432
-78.35,10.96,0.060424
-78.35,11.21,0.035387
-78.35,11.46,0.011017
-78.35,11.71,0.007344
-78.35,11.96,0.003338
-78.35,12.21,0.005675
-78.35,12.46,0.002671
-78.1,-4.29,0.143216
-78.1,-4.04,0.260726
-78.1,-3.79,0.059757
-78.1,-3.54,0.052412
-78.1,-3.29,0.039727
-78.1,-3.04,0.043065
-78.1,-2.79,0.209315
-78.1,-2.54,0.985151
-78.1,-2.29,1.006182
-78.1,-2.04,0.375232
-78.1,-1.79,0.105492
-78.1,-1.54,0.081122
-78.1,-1.29,0.151562
-78.1,-1.04,0.241364
-78.1,-0.79,0.129195
-78.1,-0.54,0.169255
-78.1,-0.29,0.312137
-78.1,-0.04,0.329496
-78.1,0.21,0.232684
-78.1,0.46,0.329163
-78.1,0.71,0.487735
-78.1,0.96,2.057099
-78.1,1.21,3.512291
-78.1,1.46,2.325169
-78.1,1.71,1.550335
-78.1,1.96,0.904362
-78.1,2.21,0.140545
-78.1,2.46,0.010349
-78.1,2.71,0.007011
-78.1,2.96,0.007344
-78.1,3.21,0.003338
-78.1,3.46,0.001335
-78.1,3.71,0.003338
-78.1,3.96,0.004006
-78.1,4.21,0.023035
-78.1,4.46,0.04006
-78.1,4.71,0.065432
-78.1,4.96,0.05308
-78.1,5.21,0.017359
-78.1,5.46,0.023035
-78.1,5.71,0.033384
-78.1,5.96,0.036054
-78.1,6.21,0.04874
-78.1,6.46,0.037723
-78.1,6.71,0.013687
-78.1,6.96,0.022033
-78.1,7.21,0.033717
-78.1,7.46,0.043399
-78.1,7.71,0.085128
-78.1,7.96,0.172927
-78.1,8.21,0.193959
-78.1,8.46,0.102488
-78.1,8.71,0.071441
-78.1,8.96,0.09748
-78.1,9.21,0.194627
-78.1,9.46,0.222335
-78.1,9.71,0.130196
-78.1,9.96,0.095811
-78.1,10.21,0.107161
-78.1,10.46,0.114506
-78.1,10.71,0.086797
-78.1,10.96,0.085128
-78.1,11.21,0.057086
-78.1,11.46,0.02437
-78.1,11.71,0.016358
-78.1,11.96,0.014021
-78.1,12.21,0.008012
-78.1,12.46,0.00434
-77.85,-4.29,0.439662
-77.85,-4.04,0.26974
-77.85,-3.79,0.140211
-77.85,-3.54,0.012018
-77.85,-3.29,0.008346
-77.85,-3.04,0.006343
-77.85,-2.79,0.069772
-77.85,-2.54,1.270581
-77.85,-2.29,1.406786
-77.85,-2.04,0.327159
-77.85,-1.79,0.270073
-77.85,-1.54,0.132867
-77.85,-1.29,0.118178
-77.85,-1.04,0.124855
-77.85,-0.79,0.074112
-77.85,-0.54,0.247373
-77.85,-0.29,0.204642
-77.85,-0.04,0.040728
-77.85,0.21,0.037723
-77.85,0.46,0.048072
-77.85,0.71,0.443001
-77.85,0.96,1.574705
-77.85,1.21,3.150746
-77.85,1.46,2.231695
-77.85,1.71,1.258896
-77.85,1.96,0.466703
-77.85,2.21,0.069104
-77.85,2.46,0.081456
-77.85,2.71,0.047739
-77.85,2.96,0.026373
-77.85,3.21,0.012018
-77.85,3.46,0.003005
-77.85,3.71,0.007344
-77.85,3.96,0.005341
-77.85,4.21,0.028376
-77.85,4.46,0.070106
-77.85,4.71,0.102154
-77.85,4.96,0.165583
-77.85,5.21,0.059757
-77.85,5.46,0.017026
-77.85,5.71,0.016692
-77.85,5.96,0.016358
-77.85,6.21,0.025038
-77.85,6.46,0.036722
-77.85,6.71,0.065766
-77.85,6.96,0.107495
-77.85,7.21,0.15924
-77.85,7.46,0.17059
-77.85,7.71,0.168921
-77.85,7.96,0.154232
-77.85,8.21,0.105826
-77.85,8.46,0.060424
-77.85,8.71,0.050743
-77.85,8.96,0.123186
-77.85,9.21,0.206978
-77.85,9.46,0.182275
-77.85,9.71,0.135538
-77.85,9.96,0.095811
-77.85,10.21,0.104491
-77.85,10.46,0.107829
-77.85,10.71,0.084127
-77.85,10.96,0.074445
-77.85,11.21,0.054749
-77.85,11.46,0.025038
-77.85,11.71,0.043399
-77.85,11.96,0.058421
-77.85,12.21,0.050743
-77.85,12.46,0.006677
-77.6,-4.29,0.561179
-77.6,-4.04,0.26807
-77.6,-3.79,0.507431
-77.6,-3.54,0.313138
-77.6,-3.29,0.065766
-77.6,-3.04,0.131531
-77.6,-2.79,0.207312
-77.6,-2.54,0.747793
-77.6,-2.29,0.760479
-77.6,-2.04,0.143216
-77.6,-1.79,0.419966
-77.6,-1.54,0.214657
-77.6,-1.29,0.080455
-77.6,-1.04,0.097814
-77.6,-0.79,0.049742
-77.6,-0.54,0.281424
-77.6,-0.29,0.245036
-77.6,-0.04,0.040394
-77.6,0.21,0.006343
-77.6,0.46,0.010349
-77.6,0.71,0.144217
-77.6,0.96,0.61526
-77.6,1.21,1.418136
-77.6,1.46,0.983481
-77.6,1.71,0.54649
-77.6,1.96,0.236022
-77.6,2.21,0.331499
-77.6,2.46,0.300453
-77.6,2.71,0.169589
-77.6,2.96,0.066767
-77.6,3.21,0.012018
-77.6,3.46,0.005008
-77.6,3.71,0.015356
-77.6,3.96,0.010015
-77.6,4.21,0.038725
-77.6,4.46,0.085462
-77.6,4.71,0.300453
-77.6,4.96,0.409951
-77.6,5.21,0.06443
-77.6,5.46,0.021032
-77.6,5.71,0.04874
-77.6,5.96,0.09314
-77.6,6.21,0.118512
-77.6,6.46,0.16358
-77.6,6.71,0.252046
-77.6,6.96,0.237358
-77.6,7.21,0.29845
-77.6,7.46,0.271743
-77.6,7.71,0.172927
-77.6,7.96,0.106494
-77.6,8.21,0.085462
-77.6,8.46,0.079119
-77.6,8.71,0.101486
-77.6,8.96,0.182942
-77.6,9.21,0.20798
-77.6,9.46,0.175264
-77.6,9.71,0.154566
-77.6,9.96,0.089134
-77.6,10.21,0.080455
-77.6,10.46,0.094142
-77.6,10.71,0.077116
-77.6,10.96,0.067769
-77.6,11.21,0.054081
-77.6,11.46,0.020364
-77.6,11.71,0.060424
-77.6,11.96,0.087465
-77.6,12.21,0.099817
-77.6,12.46,0.035387
-77.35,-4.29,0.220666
-77.35,-4.04,0.124521
-77.35,-3.79,0.598568
-77.35,-3.54,0.630283
-77.35,-3.29,0.212654
-77.35,-3.04,0.31414
-77.35,-2.79,0.461695
-77.35,-2.54,0.508766
-77.35,-2.29,0.557506
-77.35,-2.04,0.359208
-77.35,-1.79,0.284095
-77.35,-1.54,0.159574
-77.35,-1.29,0.055417
-77.35,-1.04,0.035387
-77.35,-0.79,0.01302
-77.35,-0.54,0.087131
-77.35,-0.29,0.09314
-77.35,-0.04,0.036722
-77.35,0.21,0.002337
-77.35,0.46,0.005341
-77.35,0.71,0.026707
-77.35,0.96,0.088467
-77.35,1.21,0.484396
-77.35,1.46,0.425307
-77.35,1.71,1.443174
-77.35,1.96,2.176946
-77.35,2.21,1.148397
-77.35,2.46,0.707733
-77.35,2.71,0.367554
-77.35,2.96,0.073778
-77.35,3.21,0.047405
-77.35,3.46,0.051411
-77.35,3.71,0.057086
-77.35,3.96,0.015023
-77.35,4.21,0.052746
-77.35,4.46,0.082458
-77.35,4.71,0.368555
-77.35,4.96,0.580541
-77.35,5.21,0.128193
-77.35,5.46,0.095477
-77.35,5.71,0.113838
-77.35,5.96,0.24804
-77.35,6.21,0.485732
-77.35,6.46,0.642969
-77.35,6.71,0.653651
-77.35,6.96,0.553834
-77.35,7.21,0.394594
-77.35,7.46,0.256386
-77.35,7.71,0.122852
-77.35,7.96,0.058421
-77.35,8.21,0.080121
-77.35,8.46,0.214657
-77.35,8.71,0.223336
-77.35,8.96,0.209649
-77.35,9.21,0.205977
-77.35,9.46,0.170924
-77.35,9.71,0.144885
-77.35,9.96,0.123519
-77.35,10.21,0.118846
-77.35,10.46,0.138208
-77.35,10.71,0.110166
-77.35,10.96,0.104157
-77.35,11.21,0.070106
-77.35,11.46,0.023369
-77.35,11.71,0.035387
-77.35,11.96,0.058755
-77.35,12.21,0.088133
-77.35,12.46,0.069104
-77.1,-4.29,0.007344
-77.1,-4.04,0.006343
-77.1,-3.79,0.17927
-77.1,-3.54,0.276416
-77.1,-3.29,0.145219
-77.1,-3.04,0.15924
-77.1,-2.79,0.222001
-77.1,-2.54,0.263063
-77.1,-2.29,0.295445
-77.1,-2.04,0.212654
-77.1,-1.79,0.110834
-77.1,-1.54,0.054081
-77.1,-1.29,0.033384
-77.1,-1.04,0.010683
-77.1,-0.79,0.002337
-77.1,-0.54,0.005341
-77.1,-0.29,0.003338
-77.1,-0.04,0.000334
-77.1,0.21,0.000334
-77.1,0.46,0.001669
-77.1,0.71,0.007678
-77.1,0.96,0.074112
-77.1,1.21,0.449677
-77.1,1.46,0.282092
-77.1,1.71,4.553192
-77.1,1.96,4.001695
-77.1,2.21,1.056925
-77.1,2.46,0.551164
-77.1,2.71,0.300119
-77.1,2.96,0.090136
-77.1,3.21,0.16625
-77.1,3.46,0.205643
-77.1,3.71,0.132867
-77.1,3.96,0.056418
-77.1,4.21,0.023369
-77.1,4.46,0.040394
-77.1,4.71,0.119513
-77.1,4.96,0.257054
-77.1,5.21,0.129195
-77.1,5.46,0.205309
-77.1,5.71,0.104825
-77.1,5.96,0.240362
-77.1,6.21,1.011858
-77.1,6.46,0.979475
-77.1,6.71,0.921722
-77.1,6.96,0.979475
-77.1,7.21,0.651982
-77.1,7.46,0.33851
-77.1,7.71,0.120849
-77.1,7.96,0.063095
-77.1,8.21,0.106494
-77.1,8.46,0.304792
-77.1,8.71,0.496748
-77.1,8.96,0.444336
-77.1,9.21,0.221667
-77.1,9.46,0.164247
-77.1,9.71,0.166584
-77.1,9.96,0.186948
-77.1,10.21,0.235021
-77.1,10.46,0.1993
-77.1,10.71,0.15924
-77.1,10.96,0.128527
-77.1,11.21,0.067769
-77.1,11.46,0.025705
-77.1,11.71,0.015023
-77.1,11.96,0.022701
-77.1,12.21,0.053414
-77.1,12.46,0.076448
-76.85,-4.29,0.014355
-76.85,-4.04,0.002337
-76.85,-3.79,0.001335
-76.85,-3.54,0.002003
-76.85,-3.29,0.002003
-76.85,-3.04,0.005675
-76.85,-2.79,0.030379
-76.85,-2.54,0.036722
-76.85,-2.29,0.039393
-76.85,-2.04,0.037723
-76.85,-1.79,0.030045
-76.85,-1.54,0.018361
-76.85,-1.29,0.009681
-76.85,-1.04,0.02003
-76.85,-0.79,0.005675
-76.85,-0.54,0.001335
-76.85,-0.29,0.000668
-76.85,-0.04,0.000334
-76.85,0.21,0.0
-76.85,0.46,0.0
-76.85,0.71,0.000668
-76.85,0.96,0.023702
-76.85,1.21,0.273078
-76.85,1.46,0.165583
-76.85,1.71,2.61761
-76.85,1.96,2.273091
-76.85,2.21,0.651648
-76.85,2.46,0.491741
-76.85,2.71,0.278419
-76.85,2.96,0.193625
-76.85,3.21,0.21232
-76.85,3.46,0.513774
-76.85,3.71,0.299785
-76.85,3.96,0.08179
-76.85,4.21,0.023035
-76.85,4.46,0.055417
-76.85,4.71,0.054081
-76.85,4.96,0.006677
-76.85,5.21,0.022367
-76.85,5.46,0.160909
-76.85,5.71,0.100485
-76.85,5.96,0.153898
-76.85,6.21,0.607582
-76.85,6.46,0.556839
-76.85,6.71,0.899021
-76.85,6.96,1.316984
-76.85,7.21,0.865303
-76.85,7.46,0.538478
-76.85,7.71,0.323487
-76.85,7.96,0.198633
-76.85,8.21,0.326492
-76.85,8.46,0.474381
-76.85,8.71,0.836927
-76.85,8.96,0.694713
-76.85,9.21,0.30112
-76.85,9.46,0.176933
-76.85,9.71,0.196963
-76.85,9.96,0.283761
-76.85,10.21,0.270407
-76.85,10.46,0.201971
-76.85,10.71,0.151895
-76.85,10.96,0.114172
-76.85,11.21,0.070439
-76.85,11.46,0.038725
-76.85,11.71,0.022367
-76.85,11.96,0.009681
-76.85,12.21,0.025705
-76.85,12.46,0.098482
-76.6,-4.29,0.014689
-76.6,-4.04,0.001669
-76.6,-3.79,0.0
-76.6,-3.54,0.000334
-76.6,-3.29,0.0
-76.6,-3.04,0.00434
-76.6,-2.79,0.041062
-76.6,-2.54,0.045068
-76.6,-2.29,0.029378
-76.6,-2.04,0.021699
-76.6,-1.79,0.01302
-76.6,-1.54,0.003005
-76.6,-1.29,0.005008
-76.6,-1.04,0.012686
-76.6,-0.79,0.005341
-76.6,-0.54,0.000334
-76.6,-0.29,0.0
-76.6,-0.04,0.0
-76.6,0.21,0.0
-76.6,0.46,0.000334
-76.6,0.71,0.0
-76.6,0.96,0.002003
-76.6,1.21,0.025372
-76.6,1.46,0.047071
-76.6,1.71,0.083459
-76.6,1.96,0.3098
-76.6,2.21,0.359208
-76.6,2.46,0.507097
-76.6,2.71,0.845941
-76.6,2.96,0.4647
-76.6,3.21,0.217661
-76.6,3.46,0.58221
-76.6,3.71,0.377569
-76.6,3.96,0.151228
-76.6,4.21,0.204308
-76.6,4.46,0.337175
-76.6,4.71,0.311803
-76.6,4.96,0.107161
-76.6,5.21,0.009347
-76.6,5.46,0.082124
-76.6,5.71,0.409951
-76.6,5.96,0.331833
-76.6,6.21,0.248708
-76.6,6.46,0.227009
-76.6,6.71,0.516445
-76.6,6.96,0.896016
-76.6,7.21,0.872314
-76.6,7.46,0.796867
-76.6,7.71,0.52646
-76.6,7.96,0.687035
-76.6,8.21,0.44467
-76.6,8.46,0.523789
-76.6,8.71,0.834591
-76.6,8.96,0.650981
-76.6,9.21,0.227009
-76.6,9.46,0.11751
-76.6,9.71,0.104157
-76.6,9.96,0.153231
-76.6,10.21,0.134202
-76.6,10.46,0.098816
-76.6,10.71,0.084461
-76.6,10.96,0.072776
-76.6,11.21,0.056752
-76.6,11.46,0.027041
-76.6,11.71,0.017693
-76.6,11.96,0.009347
-76.6,12.21,0.01135
-76.6,12.46,0.074445
-76.35,-4.29,0.00868
-76.35,-4.04,0.002003
-76.35,-3.79,0.0
-76.35,-3.54,0.0
-76.35,-3.29,0.0
-76.35,-3.04,0.002337
-76.35,-2.79,0.031381
-76.35,-2.54,0.036054
-76.35,-2.29,0.024704
-76.35,-2.04,0.017026
-76.35,-1.79,0.006677
-76.35,-1.54,0.002337
-76.35,-1.29,0.003338
-76.35,-1.04,0.003672
-76.35,-0.79,0.001002
-76.35,-0.54,0.0
-76.35,-0.29,0.0
-76.35,-0.04,0.0
-76.35,0.21,0.0
-76.35,0.46,0.0
-76.35,0.71,0.0
-76.35,0.96,0.000668
-76.35,1.21,0.03739
-76.35,1.46,0.467037
-76.35,1.71,0.252714
-76.35,1.96,0.064764
-76.35,2.21,0.081456
-76.35,2.46,0.284095
-76.35,2.71,0.654319
-76.35,2.96,0.440664
-76.35,3.21,0.340847
-76.35,3.46,0.325824
-76.35,3.71,0.483061
-76.35,3.96,0.323487
-76.35,4.21,0.263063
-76.35,4.46,0.303791
-76.35,4.71,0.376567
-76.35,4.96,0.53781
-76.35,5.21,0.81022
-76.35,5.46,0.721086
-76.35,5.71,0.546156
-76.35,5.96,0.343517
-76.35,6.21,0.231015
-76.35,6.46,0.304792
-76.35,6.71,0.405945
-76.35,6.96,0.600571
-76.35,7.21,1.096652
-76.35,7.46,2.231361
-76.35,7.71,1.055256
-76.35,7.96,0.848278
-76.35,8.21,0.487067
-76.35,8.46,0.310802
-76.35,8.71,0.412288
-76.35,8.96,0.319147
-76.35,9.21,0.113838
-76.35,9.46,0.076782
-76.35,9.71,0.03572
-76.35,9.96,0.032048
-76.35,10.21,0.03572
-76.35,10.46,0.025038
-76.35,10.71,0.026039
-76.35,10.96,0.03572
-76.35,11.21,0.029044
-76.35,11.46,0.016024
-76.35,11.71,0.00868
-76.35,11.96,0.013353
-76.35,12.21,0.013353
-76.35,12.46,0.02437
-76.1,-4.29,0.005675
-76.1,-4.04,0.000668
-76.1,-3.79,0.0
-76.1,-3.54,0.0
-76.1,-3.29,0.0
-76.1,-3.04,0.001335
-76.1,-2.79,0.006677
-76.1,-2.54,0.01302
-76.1,-2.29,0.015356
-76.1,-2.04,0.01135
-76.1,-1.79,0.005341
-76.1,-1.54,0.001335
-76.1,-1.29,0.001335
-76.1,-1.04,0.001669
-76.1,-0.79,0.000668
-76.1,-0.54,0.0
-76.1,-0.29,0.0
-76.1,-0.04,0.0
-76.1,0.21,0.0
-76.1,0.46,0.0
-76.1,0.71,0.0
-76.1,0.96,0.000334
-76.1,1.21,0.025372
-76.1,1.46,0.389587
-76.1,1.71,0.306795
-76.1,1.96,0.124521
-76.1,2.21,0.128527
-76.1,2.46,0.194293
-76.1,2.71,0.258055
-76.1,2.96,0.256386
-76.1,3.21,0.257388
-76.1,3.46,0.148223
-76.1,3.71,0.314474
-76.1,3.96,0.271075
-76.1,4.21,0.213989
-76.1,4.46,0.163246
-76.1,4.71,0.217661
-76.1,4.96,0.461028
-76.1,5.21,0.844272
-76.1,5.46,0.974802
-76.1,5.71,0.491407
-76.1,5.96,0.250377
-76.1,6.21,0.150226
-76.1,6.46,0.227009
-76.1,6.71,0.461362
-76.1,6.96,0.715745
-76.1,7.21,1.110673
-76.1,7.46,1.912214
-76.1,7.71,1.026213
-76.1,7.96,0.845273
-76.1,8.21,0.582878
-76.1,8.46,0.365884
-76.1,8.71,0.188951
-76.1,8.96,0.098482
-76.1,9.21,0.07311
-76.1,9.46,0.048406
-76.1,9.71,0.019696
-76.1,9.96,0.01569
-76.1,10.21,0.016358
-76.1,10.46,0.007011
-76.1,10.71,0.008012
-76.1,10.96,0.014689
-76.1,11.21,0.013687
-76.1,11.46,0.006677
-76.1,11.71,0.007344
-76.1,11.96,0.014021
-76.1,12.21,0.010015
-76.1,12.46,0.009014
-75.85,-4.29,0.000334
-75.85,-4.04,0.000334
-75.85,-3.79,0.0
-75.85,-3.54,0.0
-75.85,-3.29,0.0
-75.85,-3.04,0.0
-75.85,-2.79,0.003005
-75.85,-2.54,0.001669
-75.85,-2.29,0.006009
-75.85,-2.04,0.006343
-75.85,-1.79,0.002337
-75.85,-1.54,0.000668
-75.85,-1.29,0.000334
-75.85,-1.04,0.000334
-75.85,-0.79,0.0
-75.85,-0.54,0.0
-75.85,-0.29,0.0
-75.85,-0.04,0.0
-75.85,0.21,0.0
-75.85,0.46,0.0
-75.85,0.71,0.0
-75.85,0.96,0.0
-75.85,1.21,0.005341
-75.85,1.46,0.049742
-75.85,1.71,0.084794
-75.85,1.96,0.086797
-75.85,2.21,0.124187
-75.85,2.46,0.155568
-75.85,2.71,0.144551
-75.85,2.96,0.168253
-75.85,3.21,0.111501
-75.85,3.46,0.056418
-75.85,3.71,0.093474
-75.85,3.96,0.118846
-75.85,4.21,0.409283
-75.85,4.46,0.443001
-75.85,4.71,0.420967
-75.85,4.96,0.62828
-75.85,5.21,0.544153
-75.85,5.46,0.664
-75.85,5.71,0.389253
-75.85,5.96,0.630617
-75.85,6.21,0.360209
-75.85,6.46,0.12619
-75.85,6.71,0.459025
-75.85,6.96,0.893346
-75.85,7.21,1.050916
-75.85,7.46,0.945758
-75.85,7.71,0.640298
-75.85,7.96,1.0843
-75.85,8.21,0.582544
-75.85,8.46,0.306128
-75.85,8.71,0.186614
-75.85,8.96,0.059089
-75.85,9.21,0.031381
-75.85,9.46,0.023702
-75.85,9.71,0.005341
-75.85,9.96,0.002337
-75.85,10.21,0.003005
-75.85,10.46,0.002003
-75.85,10.71,0.002337
-75.85,10.96,0.003672
-75.85,11.21,0.003672
-75.85,11.46,0.003005
-75.85,11.71,0.006677
-75.85,11.96,0.010349
-75.85,12.21,0.006677
-75.85,12.46,0.021366
-75.6,-4.29,0.0
-75.6,-4.04,0.0
-75.6,-3.79,0.0
-75.6,-3.54,0.0
-75.6,-3.29,0.0
-75.6,-3.04,0.0
-75.6,-2.79,0.003338
-75.6,-2.54,0.000668
-75.6,-2.29,0.001002
-75.6,-2.04,0.001669
-75.6,-1.79,0.000668
-75.6,-1.54,0.0
-75.6,-1.29,0.0
-75.6,-1.04,0.0
-75.6,-0.79,0.0
-75.6,-0.54,0.0
-75.6,-0.29,0.0
-75.6,-0.04,0.0
-75.6,0.21,0.0
-75.6,0.46,0.0
-75.6,0.71,0.0
-75.6,0.96,0.0
-75.6,1.21,0.0
-75.6,1.46,0.0
-75.6,1.71,0.001335
-75.6,1.96,0.017359
-75.6,2.21,0.09047
-75.6,2.46,0.119847
-75.6,2.71,0.203306
-75.6,2.96,0.200302
-75.6,3.21,0.050409
-75.6,3.46,0.018695
-75.6,3.71,0.027041
-75.6,3.96,0.046737
-75.6,4.21,0.514775
-75.6,4.46,0.621937
-75.6,4.71,0.60391
-75.6,4.96,0.758142
-75.6,5.21,0.363214
-75.6,5.46,0.508766
-75.6,5.71,0.301454
-75.6,5.96,0.665669
-75.6,6.21,0.512439
-75.6,6.46,0.193625
-75.6,6.71,0.409951
-75.6,6.96,0.862633
-75.6,7.21,1.160081
-75.6,7.46,1.228517
-75.6,7.71,0.742118
-75.6,7.96,1.227516
-75.6,8.21,0.860964
-75.6,8.46,0.752467
-75.6,8.71,0.543485
-75.6,8.96,0.156235
-75.6,9.21,0.035387
-75.6,9.46,0.039393
-75.6,9.71,0.019696
-75.6,9.96,0.007011
-75.6,10.21,0.0
-75.6,10.46,0.000334
-75.6,10.71,0.000334
-75.6,10.96,0.000668
-75.6,11.21,0.000668
-75.6,11.46,0.002003
-75.6,11.71,0.004674
-75.6,11.96,0.005675
-75.6,12.21,0.011017
-75.6,12.46,0.038391
-75.35,-4.29,0.0
-75.35,-4.04,0.0
-75.35,-3.79,0.0
-75.35,-3.54,0.0
-75.35,-3.29,0.0
-75.35,-3.04,0.0
-75.35,-2.79,0.001335
-75.35,-2.54,0.000334
-75.35,-2.29,0.0
-75.35,-2.04,0.0
-75.35,-1.79,0.0
-75.35,-1.54,0.0
-75.35,-1.29,0.0
-75.35,-1.04,0.0
-75.35,-0.79,0.0
-75.35,-0.54,0.0
-75.35,-0.29,0.0
-75.35,-0.04,0.0
-75.35,0.21,0.0
-75.35,0.46,0.0
-75.35,0.71,0.0
-75.35,0.96,0.0
-75.35,1.21,0.0
-75.35,1.46,0.0
-75.35,1.71,0.000334
-75.35,1.96,0.006009
-75.35,2.21,0.075781
-75.35,2.46,0.134202
-75.35,2.71,0.277084
-75.35,2.96,0.251379
-75.35,3.21,0.056752
-75.35,3.46,0.010683
-75.35,3.71,0.010349
-75.35,3.96,0.013687
-75.35,4.21,0.233018
-75.35,4.46,0.315141
-75.35,4.71,0.338844
-75.35,4.96,0.410952
-75.35,5.21,0.140879
-75.35,5.46,0.379572
-75.35,5.71,0.204975
-75.35,5.96,0.484063
-75.35,6.21,0.422637
-75.35,6.46,0.185279
-75.35,6.71,0.359208
-75.35,6.96,0.57086
-75.35,7.21,0.924392
-75.35,7.46,1.676192
-75.35,7.71,1.07996
-75.35,7.96,1.232857
-75.35,8.21,1.229853
-75.35,8.46,1.421141
-75.35,8.71,0.927731
-75.35,8.96,0.16792
-75.35,9.21,0.053748
-75.35,9.46,0.071775
-75.35,9.71,0.046737
-75.35,9.96,0.02003
-75.35,10.21,0.007011
-75.35,10.46,0.0
-75.35,10.71,0.0
-75.35,10.96,0.0
-75.35,11.21,0.000334
-75.35,11.46,0.001002
-75.35,11.71,0.002003
-75.35,11.96,0.002337
-75.35,12.21,0.011017
-75.35,12.46,0.041396
-75.1,-4.29,0.0
-75.1,-4.04,0.0
-75.1,-3.79,0.0
-75.1,-3.54,0.0
-75.1,-3.29,0.0
-75.1,-3.04,0.0
-75.1,-2.79,0.0
-75.1,-2.54,0.0
-75.1,-2.29,0.0
-75.1,-2.04,0.0
-75.1,-1.79,0.0
-75.1,-1.54,0.0
-75.1,-1.29,0.000334
-75.1,-1.04,0.000668
-75.1,-0.79,0.001669
-75.1,-0.54,0.000668
-75.1,-0.29,0.000334
-75.1,-0.04,0.0
-75.1,0.21,0.0
-75.1,0.46,0.0
-75.1,0.71,0.0
-75.1,0.96,0.0
-75.1,1.21,0.0
-75.1,1.46,0.0
-75.1,1.71,0.0
-75.1,1.96,0.001335
-75.1,2.21,0.044734
-75.1,2.46,0.118846
-75.1,2.71,0.155902
-75.1,2.96,0.128861
-75.1,3.21,0.047071
-75.1,3.46,0.009681
-75.1,3.71,0.023702
-75.1,3.96,0.022701
-75.1,4.21,0.030045
-75.1,4.46,0.058088
-75.1,4.71,0.092473
-75.1,4.96,0.137541
-75.1,5.21,0.049408
-75.1,5.46,0.149892
-75.1,5.71,0.122852
-75.1,5.96,0.449344
-75.1,6.21,0.584881
-75.1,6.46,0.366218
-75.1,6.71,0.32549
-75.1,6.96,0.47605
-75.1,7.21,0.393259
-75.1,7.46,1.213828
-75.1,7.71,1.408789
-75.1,7.96,1.684204
-75.1,8.21,1.793702
-75.1,8.46,1.497255
-75.1,8.71,0.792861
-75.1,8.96,0.127859
-75.1,9.21,0.05308
-75.1,9.46,0.074779
-75.1,9.71,0.058088
-75.1,9.96,0.03572
-75.1,10.21,0.018027
-75.1,10.46,0.005341
-75.1,10.71,0.0
-75.1,10.96,0.0
-75.1,11.21,0.0
-75.1,11.46,0.000334
-75.1,11.71,0.001002
-75.1,11.96,0.002003
-75.1,12.21,0.006343
-75.1,12.46,0.028376
-74.85,-4.29,0.0
-74.85,-4.04,0.0
-74.85,-3.79,0.0
-74.85,-3.54,0.0
-74.85,-3.29,0.0
-74.85,-3.04,0.0
-74.85,-2.79,0.0
-74.85,-2.54,0.0
-74.85,-2.29,0.0
-74.85,-2.04,0.0
-74.85,-1.79,0.0
-74.85,-1.54,0.001335
-74.85,-1.29,0.001669
-74.85,-1.04,0.009014
-74.85,-0.79,0.014021
-74.85,-0.54,0.01135
-74.85,-0.29,0.003338
-74.85,-0.04,0.0
-74.85,0.21,0.0
-74.85,0.46,0.0
-74.85,0.71,0.0
-74.85,0.96,0.0
-74.85,1.21,0.0
-74.85,1.46,0.0
-74.85,1.71,0.0
-74.85,1.96,0.0
-74.85,2.21,0.016358
-74.85,2.46,0.034385
-74.85,2.71,0.03572
-74.85,2.96,0.023369
-74.85,3.21,0.003672
-74.85,3.46,0.018695
-74.85,3.71,0.077784
-74.85,3.96,0.07311
-74.85,4.21,0.29678
-74.85,4.46,0.34719
-74.85,4.71,0.137874
-74.85,4.96,0.062094
-74.85,5.21,0.011017
-74.85,5.46,0.006677
-74.85,5.71,0.039727
-74.85,5.96,0.147556
-74.85,6.21,0.733104
-74.85,6.46,0.545155
-74.85,6.71,0.246705
-74.85,6.96,0.211986
-74.85,7.21,0.184611
-74.85,7.46,0.592225
-74.85,7.71,1.062267
-74.85,7.96,2.668019
-74.85,8.21,2.756486
-74.85,8.46,1.468212
-74.85,8.71,0.723089
-74.85,8.96,0.126858
-74.85,9.21,0.195962
-74.85,9.46,0.271075
-74.85,9.71,0.223003
-74.85,9.96,0.171592
-74.85,10.21,0.073778
-74.85,10.46,0.007011
-74.85,10.71,0.000668
-74.85,10.96,0.0
-74.85,11.21,0.0
-74.85,11.46,0.0
-74.85,11.71,0.000668
-74.85,11.96,0.001335
-74.85,12.21,0.003672
-74.85,12.46,0.017026
-74.6,-4.29,0.0
-74.6,-4.04,0.0
-74.6,-3.79,0.0
-74.6,-3.54,0.0
-74.6,-3.29,0.0
-74.6,-3.04,0.0
-74.6,-2.79,0.0
-74.6,-2.54,0.0
-74.6,-2.29,0.0
-74.6,-2.04,0.0
-74.6,-1.79,0.0
-74.6,-1.54,0.001669
-74.6,-1.29,0.010349
-74.6,-1.04,0.037056
-74.6,-0.79,0.053414
-74.6,-0.54,0.02871
-74.6,-0.29,0.003338
-74.6,-0.04,0.0
-74.6,0.21,0.0
-74.6,0.46,0.0
-74.6,0.71,0.0
-74.6,0.96,0.0
-74.6,1.21,0.0
-74.6,1.46,0.0
-74.6,1.71,0.000668
-74.6,1.96,0.000334
-74.6,2.21,0.000334
-74.6,2.46,0.000668
-74.6,2.71,0.001335
-74.6,2.96,0.000334
-74.6,3.21,0.000668
-74.6,3.46,0.035387
-74.6,3.71,0.066767
-74.6,3.96,0.990492
-74.6,4.21,1.664174
-74.6,4.46,1.229185
-74.6,4.71,0.249042
-74.6,4.96,0.15056
-74.6,5.21,0.014689
-74.6,5.46,0.009347
-74.6,5.71,0.016692
-74.6,5.96,0.010683
-74.6,6.21,0.247706
-74.6,6.46,0.213655
-74.6,6.71,0.103823
-74.6,6.96,0.035053
-74.6,7.21,0.172927
-74.6,7.46,0.425307
-74.6,7.71,0.563182
-74.6,7.96,1.770667
-74.6,8.21,1.732276
-74.6,8.46,1.020537
-74.6,8.71,0.511103
-74.6,8.96,0.637293
-74.6,9.21,1.331339
-74.6,9.46,1.431156
-74.6,9.71,1.595403
-74.6,9.96,0.910038
-74.6,10.21,0.079119
-74.6,10.46,0.00868
-74.6,10.71,0.000668
-74.6,10.96,0.0
-74.6,11.21,0.0
-74.6,11.46,0.0
-74.6,11.71,0.0
-74.6,11.96,0.000668
-74.6,12.21,0.001669
-74.6,12.46,0.008346
-74.35,-4.29,0.0
-74.35,-4.04,0.0
-74.35,-3.79,0.0
-74.35,-3.54,0.0
-74.35,-3.29,0.0
-74.35,-3.04,0.0
-74.35,-2.79,0.0
-74.35,-2.54,0.0
-74.35,-2.29,0.0
-74.35,-2.04,0.0
-74.35,-1.79,0.0
-74.35,-1.54,0.002003
-74.35,-1.29,0.015023
-74.35,-1.04,0.07745
-74.35,-0.79,0.088133
-74.35,-0.54,0.034051
-74.35,-0.29,0.005341
-74.35,-0.04,0.0
-74.35,0.21,0.0
-74.35,0.46,0.0
-74.35,0.71,0.0
-74.35,0.96,0.0
-74.35,1.21,0.0
-74.35,1.46,0.0
-74.35,1.71,0.000334
-74.35,1.96,0.000334
-74.35,2.21,0.001002
-74.35,2.46,0.012686
-74.35,2.71,0.018361
-74.35,2.96,0.000334
-74.35,3.21,0.000668
-74.35,3.46,0.021032
-74.35,3.71,0.029711
-74.35,3.96,0.557506
-74.35,4.21,1.030219
-74.35,4.46,0.968793
-74.35,4.71,0.378236
-74.35,4.96,0.147222
-74.35,5.21,0.063763
-74.35,5.46,0.118512
-74.35,5.71,0.083125
-74.35,5.96,0.185613
-74.35,6.21,0.086797
-74.35,6.46,0.0
-74.35,6.71,0.03305
-74.35,6.96,0.072109
-74.35,7.21,0.245703
-74.35,7.46,0.701724
-74.35,7.71,0.69705
-74.35,7.96,0.555503
-74.35,8.21,1.192797
-74.35,8.46,0.631284
-74.35,8.71,1.218836
-74.35,8.96,3.972651
-74.35,9.21,5.015889
-74.35,9.46,4.327519
-74.35,9.71,3.773685
-74.35,9.96,1.582384
-74.35,10.21,0.295111
-74.35,10.46,0.006677
-74.35,10.71,0.0
-74.35,10.96,0.000334
-74.35,11.21,0.0
-74.35,11.46,0.0
-74.35,11.71,0.0
-74.35,11.96,0.0
-74.35,12.21,0.000334
-74.35,12.46,0.001002
-74.1,-4.29,0.0
-74.1,-4.04,0.0
-74.1,-3.79,0.0
-74.1,-3.54,0.0
-74.1,-3.29,0.0
-74.1,-3.04,0.0
-74.1,-2.79,0.0
-74.1,-2.54,0.0
-74.1,-2.29,0.0
-74.1,-2.04,0.0
-74.1,-1.79,0.0
-74.1,-1.54,0.003338
-74.1,-1.29,0.027708
-74.1,-1.04,0.111835
-74.1,-0.79,0.078785
-74.1,-0.54,0.030045
-74.1,-0.29,0.005675
-74.1,-0.04,0.000334
-74.1,0.21,0.0
-74.1,0.46,0.0
-74.1,0.71,0.0
-74.1,0.96,0.0
-74.1,1.21,0.0
-74.1,1.46,0.0
-74.1,1.71,0.0
-74.1,1.96,0.0
-74.1,2.21,0.000668
-74.1,2.46,0.008346
-74.1,2.71,0.01135
-74.1,2.96,0.0
-74.1,3.21,0.000668
-74.1,3.46,0.005341
-74.1,3.71,0.006677
-74.1,3.96,0.027375
-74.1,4.21,0.025038
-74.1,4.46,0.1993
-74.1,4.71,0.2654
-74.1,4.96,0.109832
-74.1,5.21,0.151228
-74.1,5.46,0.392925
-74.1,5.71,0.413957
-74.1,5.96,0.274413
-74.1,6.21,0.094809
-74.1,6.46,0.009014
-74.1,6.71,0.023035
-74.1,6.96,0.061426
-74.1,7.21,0.243033
-74.1,7.46,0.629615
-74.1,7.71,0.513774
-74.1,7.96,0.31414
-74.1,8.21,0.628614
-74.1,8.46,0.26807
-74.1,8.71,0.656322
-74.1,8.96,2.813572
-74.1,9.21,5.158437
-74.1,9.46,5.799069
-74.1,9.71,3.812076
-74.1,9.96,1.883838
-74.1,10.21,0.303791
-74.1,10.46,0.009347
-74.1,10.71,0.013353
-74.1,10.96,0.014021
-74.1,11.21,0.007344
-74.1,11.46,0.003005
-74.1,11.71,0.0
-74.1,11.96,0.0
-74.1,12.21,0.0
-74.1,12.46,0.000334
-73.85,-4.29,0.0
-73.85,-4.04,0.0
-73.85,-3.79,0.0
-73.85,-3.54,0.0
-73.85,-3.29,0.0
-73.85,-3.04,0.0
-73.85,-2.79,0.0
-73.85,-2.54,0.0
-73.85,-2.29,0.0
-73.85,-2.04,0.117177
-73.85,-1.79,0.315141
-73.85,-1.54,0.064764
-73.85,-1.29,0.043399
-73.85,-1.04,0.071775
-73.85,-0.79,0.043065
-73.85,-0.54,0.022367
-73.85,-0.29,0.002671
-73.85,-0.04,0.000334
-73.85,0.21,0.0
-73.85,0.46,0.000334
-73.85,0.71,0.000334
-73.85,0.96,0.0
-73.85,1.21,0.0
-73.85,1.46,0.0
-73.85,1.71,0.0
-73.85,1.96,0.0
-73.85,2.21,0.000334
-73.85,2.46,0.000334
-73.85,2.71,0.0
-73.85,2.96,0.0
-73.85,3.21,0.000334
-73.85,3.46,0.000334
-73.85,3.71,0.000668
-73.85,3.96,0.002337
-73.85,4.21,0.003672
-73.85,4.46,0.025038
-73.85,4.71,0.070439
-73.85,4.96,0.067769
-73.85,5.21,0.13921
-73.85,5.46,0.408949
-73.85,5.71,0.543819
-73.85,5.96,0.316811
-73.85,6.21,0.090136
-73.85,6.46,0.012018
-73.85,6.71,0.006343
-73.85,6.96,0.02003
-73.85,7.21,0.127192
-73.85,7.46,0.268738
-73.85,7.71,0.194293
-73.85,7.96,0.193625
-73.85,8.21,0.139877
-73.85,8.46,0.059757
-73.85,8.71,0.041396
-73.85,8.96,0.261728
-73.85,9.21,3.234873
-73.85,9.46,6.075151
-73.85,9.71,2.506442
-73.85,9.96,1.1731
-73.85,10.21,0.118178
-73.85,10.46,0.052078
-73.85,10.71,0.077784
-73.85,10.96,0.058088
-73.85,11.21,0.027041
-73.85,11.46,0.006343
-73.85,11.71,0.001002
-73.85,11.96,0.0
-73.85,12.21,0.0
-73.85,12.46,0.0
-73.6,-4.29,0.0
-73.6,-4.04,0.0
-73.6,-3.79,0.000334
-73.6,-3.54,0.0
-73.6,-3.29,0.0
-73.6,-3.04,0.0
-73.6,-2.79,0.000668
-73.6,-2.54,0.000668
-73.6,-2.29,0.000668
-73.6,-2.04,0.100151
-73.6,-1.79,0.300786
-73.6,-1.54,0.156569
-73.6,-1.29,0.18361
-73.6,-1.04,0.094142
-73.6,-0.79,0.018361
-73.6,-0.54,0.008012
-73.6,-0.29,0.016358
-73.6,-0.04,0.012352
-73.6,0.21,0.003338
-73.6,0.46,0.005008
-73.6,0.71,0.012352
-73.6,0.96,0.00434
-73.6,1.21,0.000334
-73.6,1.46,0.000334
-73.6,1.71,0.000334
-73.6,1.96,0.001335
-73.6,2.21,0.001335
-73.6,2.46,0.000334
-73.6,2.71,0.0
-73.6,2.96,0.0
-73.6,3.21,0.0
-73.6,3.46,0.0
-73.6,3.71,0.0
-73.6,3.96,0.0
-73.6,4.21,0.000334
-73.6,4.46,0.003338
-73.6,4.71,0.01569
-73.6,4.96,0.021699
-73.6,5.21,0.042063
-73.6,5.46,0.201637
-73.6,5.71,0.390922
-73.6,5.96,0.337508
-73.6,6.21,0.128527
-73.6,6.46,0.061426
-73.6,6.71,0.041396
-73.6,6.96,0.017359
-73.6,7.21,0.049408
-73.6,7.46,0.199968
-73.6,7.71,0.347524
-73.6,7.96,0.262729
-73.6,8.21,0.147222
-73.6,8.46,0.070439
-73.6,8.71,0.058755
-73.6,8.96,0.064764
-73.6,9.21,1.609424
-73.6,9.46,3.764003
-73.6,9.71,1.200141
-73.6,9.96,0.225673
-73.6,10.21,0.086464
-73.6,10.46,0.069104
-73.6,10.71,0.132867
-73.6,10.96,0.254049
-73.6,11.21,0.19062
-73.6,11.46,0.050409
-73.6,11.71,0.001002
-73.6,11.96,0.0
-73.6,12.21,0.0
-73.6,12.46,0.0
-73.35,-4.29,0.0
-73.35,-4.04,0.0
-73.35,-3.79,0.000334
-73.35,-3.54,0.095477
-73.35,-3.29,0.695381
-73.35,-3.04,0.811556
-73.35,-2.79,0.234353
-73.35,-2.54,0.018027
-73.35,-2.29,0.00868
-73.35,-2.04,0.045736
-73.35,-1.79,0.18361
-73.35,-1.54,0.321818
-73.35,-1.29,0.396264
-73.35,-1.04,0.127859
-73.35,-0.79,0.033384
-73.35,-0.54,0.005008
-73.35,-0.29,0.018361
-73.35,-0.04,0.023035
-73.35,0.21,0.011684
-73.35,0.46,0.033717
-73.35,0.71,0.050743
-73.35,0.96,0.021699
-73.35,1.21,0.010349
-73.35,1.46,0.006343
-73.35,1.71,0.009014
-73.35,1.96,0.012352
-73.35,2.21,0.006343
-73.35,2.46,0.001335
-73.35,2.71,0.000334
-73.35,2.96,0.0
-73.35,3.21,0.000334
-73.35,3.46,0.000668
-73.35,3.71,0.000334
-73.35,3.96,0.0
-73.35,4.21,0.0
-73.35,4.46,0.000668
-73.35,4.71,0.008012
-73.35,4.96,0.01135
-73.35,5.21,0.007011
-73.35,5.46,0.048406
-73.35,5.71,0.21666
-73.35,5.96,0.276083
-73.35,6.21,0.12185
-73.35,6.46,0.076782
-73.35,6.71,0.076782
-73.35,6.96,0.030713
-73.35,7.21,0.672346
-73.35,7.46,1.229185
-73.35,7.71,0.657657
-73.35,7.96,0.2654
-73.35,8.21,0.161911
-73.35,8.46,0.090803
-73.35,8.71,0.059423
-73.35,8.96,0.055751
-73.35,9.21,1.019536
-73.35,9.46,1.583719
-73.35,9.71,0.34986
-73.35,9.96,0.168253
-73.35,10.21,0.05742
-73.35,10.46,0.630283
-73.35,10.71,0.570192
-73.35,10.96,0.601907
-73.35,11.21,0.361211
-73.35,11.46,0.047071
-73.35,11.71,0.0
-73.35,11.96,0.0
-73.35,12.21,0.0
-73.35,12.46,0.0
-73.1,-4.29,0.0
-73.1,-4.04,0.0
-73.1,-3.79,0.03572
-73.1,-3.54,0.216994
-73.1,-3.29,1.626116
-73.1,-3.04,1.644477
-73.1,-2.79,0.508766
-73.1,-2.54,0.105826
-73.1,-2.29,0.019363
-73.1,-2.04,0.072442
-73.1,-1.79,0.229679
-73.1,-1.54,0.369891
-73.1,-1.29,0.389921
-73.1,-1.04,0.129528
-73.1,-0.79,0.039393
-73.1,-0.54,0.007678
-73.1,-0.29,0.008346
-73.1,-0.04,0.015023
-73.1,0.21,0.023369
-73.1,0.46,0.054749
-73.1,0.71,0.086464
-73.1,0.96,0.05308
-73.1,1.21,0.154566
-73.1,1.46,0.062761
-73.1,1.71,0.036054
-73.1,1.96,0.038725
-73.1,2.21,0.026707
-73.1,2.46,0.008346
-73.1,2.71,0.000334
-73.1,2.96,0.0
-73.1,3.21,0.000668
-73.1,3.46,0.001669
-73.1,3.71,0.000668
-73.1,3.96,0.0
-73.1,4.21,0.0
-73.1,4.46,0.0
-73.1,4.71,0.002003
-73.1,4.96,0.004006
-73.1,5.21,0.005008
-73.1,5.46,0.024036
-73.1,5.71,0.109164
-73.1,5.96,0.155902
-73.1,6.21,0.092473
-73.1,6.46,0.748461
-73.1,6.71,1.023876
-73.1,6.96,0.326158
-73.1,7.21,1.286939
-73.1,7.46,1.841441
-73.1,7.71,0.501756
-73.1,7.96,0.157905
-73.1,8.21,0.115507
-73.1,8.46,0.135204
-73.1,8.71,0.061092
-73.1,8.96,0.055751
-73.1,9.21,0.305794
-73.1,9.46,0.641967
-73.1,9.71,0.413957
-73.1,9.96,0.24103
-73.1,10.21,0.161577
-73.1,10.46,0.870645
-73.1,10.71,0.79887
-73.1,10.96,0.658993
-73.1,11.21,0.194293
-73.1,11.46,0.000668
-73.1,11.71,0.0
-73.1,11.96,0.0
-73.1,12.21,0.0
-73.1,12.46,0.0
-72.85,-4.29,0.000334
-72.85,-4.04,0.010015
-72.85,-3.79,0.060758
-72.85,-3.54,0.251713
-72.85,-3.29,1.25656
-72.85,-3.04,1.135711
-72.85,-2.79,0.591892
-72.85,-2.54,0.145886
-72.85,-2.29,0.045068
-72.85,-2.04,0.106828
-72.85,-1.79,0.272077
-72.85,-1.54,0.240362
-72.85,-1.29,0.165917
-72.85,-1.04,0.076115
-72.85,-0.79,0.013687
-72.85,-0.54,0.007678
-72.85,-0.29,0.005008
-72.85,-0.04,0.01135
-72.85,0.21,0.026039
-72.85,0.46,0.071441
-72.85,0.71,0.102488
-72.85,0.96,0.060758
-72.85,1.21,0.276083
-72.85,1.46,0.112169
-72.85,1.71,0.077784
-72.85,1.96,0.074779
-72.85,2.21,0.058088
-72.85,2.46,0.026373
-72.85,2.71,0.005341
-72.85,2.96,0.000334
-72.85,3.21,0.000668
-72.85,3.46,0.001002
-72.85,3.71,0.000334
-72.85,3.96,0.0
-72.85,4.21,0.0
-72.85,4.46,0.0
-72.85,4.71,0.0
-72.85,4.96,0.0
-72.85,5.21,0.002337
-72.85,5.46,0.013353
-72.85,5.71,0.057754
-72.85,5.96,0.075113
-72.85,6.21,0.083459
-72.85,6.46,1.793702
-72.85,6.71,1.854126
-72.85,6.96,0.405611
-72.85,7.21,0.736109
-72.85,7.46,0.829917
-72.85,7.71,0.180272
-72.85,7.96,0.110166
-72.85,8.21,0.063763
-72.85,8.46,0.291105
-72.85,8.71,0.124187
-72.85,8.96,0.052412
-72.85,9.21,0.015023
-72.85,9.46,0.04006
-72.85,9.71,0.10182
-72.85,9.96,0.160909
-72.85,10.21,0.200969
-72.85,10.46,0.29411
-72.85,10.71,0.631952
-72.85,10.96,0.681026
-72.85,11.21,0.11918
-72.85,11.46,0.000668
-72.85,11.71,0.0
-72.85,11.96,0.0
-72.85,12.21,0.0
-72.85,12.46,0.0
-72.6,-4.29,0.006677
-72.6,-4.04,0.022033
-72.6,-3.79,0.053748
-72.6,-3.54,0.140211
-72.6,-3.29,0.327159
-72.6,-3.04,0.294444
-72.6,-2.79,0.286765
-72.6,-2.54,0.098816
-72.6,-2.29,0.108831
-72.6,-2.04,0.217661
-72.6,-1.79,0.645639
-72.6,-1.54,0.277084
-72.6,-1.29,0.033384
-72.6,-1.04,0.007344
-72.6,-0.79,0.003338
-72.6,-0.54,0.002003
-72.6,-0.29,0.004006
-72.6,-0.04,0.012018
-72.6,0.21,0.023035
-72.6,0.46,0.064764
-72.6,0.71,0.128861
-72.6,0.96,0.052078
-72.6,1.21,0.14355
-72.6,1.46,0.144217
-72.6,1.71,0.128193
-72.6,1.96,0.102488
-72.6,2.21,0.071775
-72.6,2.46,0.039393
-72.6,2.71,0.005341
-72.6,2.96,0.000334
-72.6,3.21,0.000334
-72.6,3.46,0.000334
-72.6,3.71,0.0
-72.6,3.96,0.0
-72.6,4.21,0.0
-72.6,4.46,0.0
-72.6,4.71,0.0
-72.6,4.96,0.0
-72.6,5.21,0.000668
-72.6,5.46,0.005341
-72.6,5.71,0.021366
-72.6,5.96,0.042397
-72.6,6.21,0.064097
-72.6,6.46,1.023542
-72.6,6.71,0.987488
-72.6,6.96,0.235688
-72.6,7.21,0.272744
-72.6,7.46,0.226007
-72.6,7.71,0.099483
-72.6,7.96,0.186614
-72.6,8.21,0.107161
-72.6,8.46,0.234353
-72.6,8.71,0.08613
-72.6,8.96,0.023702
-72.6,9.21,0.01135
-72.6,9.46,0.000668
-72.6,9.71,0.007011
-72.6,9.96,0.044734
-72.6,10.21,0.105492
-72.6,10.46,0.035387
-72.6,10.71,1.176105
-72.6,10.96,0.903027
-72.6,11.21,0.11751
-72.6,11.46,0.0
-72.6,11.71,0.0
-72.6,11.96,0.0
-72.6,12.21,0.0
-72.6,12.46,0.0
-72.35,-4.29,0.01135
-72.35,-4.04,0.033717
-72.35,-3.79,0.061426
-72.35,-3.54,0.027375
-72.35,-3.29,0.055417
-72.35,-3.04,0.034051
-72.35,-2.79,0.044066
-72.35,-2.54,0.182942
-72.35,-2.29,0.188951
-72.35,-2.04,0.133201
-72.35,-1.79,0.381909
-72.35,-1.54,0.189285
-72.35,-1.29,0.010683
-72.35,-1.04,0.00434
-72.35,-0.79,0.001002
-72.35,-0.54,0.006677
-72.35,-0.29,0.007678
-72.35,-0.04,0.00434
-72.35,0.21,0.015023
-72.35,0.46,0.032382
-72.35,0.71,0.06443
-72.35,0.96,0.04006
-72.35,1.21,0.068103
-72.35,1.46,0.187616
-72.35,1.71,0.1549
-72.35,1.96,0.096813
-72.35,2.21,0.062094
-72.35,2.46,0.030379
-72.35,2.71,0.003005
-72.35,2.96,0.0
-72.35,3.21,0.0
-72.35,3.46,0.0
-72.35,3.71,0.0
-72.35,3.96,0.0
-72.35,4.21,0.0
-72.35,4.46,0.0
-72.35,4.71,0.0
-72.35,4.96,0.0
-72.35,5.21,0.0
-72.35,5.46,0.000668
-72.35,5.71,0.007344
-72.35,5.96,0.018361
-72.35,6.21,0.124187
-72.35,6.46,0.35153
-72.35,6.71,0.424974
-72.35,6.96,0.312805
-72.35,7.21,0.283761
-72.35,7.46,0.271075
-72.35,7.71,0.105826
-72.35,7.96,0.915045
-72.35,8.21,0.537476
-72.35,8.46,0.146888
-72.35,8.71,0.027041
-72.35,8.96,0.002671
-72.35,9.21,0.002003
-72.35,9.46,0.001335
-72.35,9.71,0.001335
-72.35,9.96,0.01135
-72.35,10.21,0.027041
-72.35,10.46,0.02437
-72.35,10.71,0.665336
-72.35,10.96,0.453683
-72.35,11.21,0.000334
-72.35,11.46,0.0
-72.35,11.71,0.0
-72.35,11.96,0.0
-72.35,12.21,0.0
-72.35,12.46,0.0
-72.1,-4.29,0.006677
-72.1,-4.04,0.021699
-72.1,-3.79,0.031047
-72.1,-3.54,0.007344
-72.1,-3.29,0.009014
-72.1,-3.04,0.019696
-72.1,-2.79,0.064764
-72.1,-2.54,0.161243
-72.1,-2.29,0.143883
-72.1,-2.04,0.052078
-72.1,-1.79,0.025372
-72.1,-1.54,0.023369
-72.1,-1.29,0.017693
-72.1,-1.04,0.005008
-72.1,-0.79,0.000668
-72.1,-0.54,0.033717
-72.1,-0.29,0.026039
-72.1,-0.04,0.006343
-72.1,0.21,0.003338
-72.1,0.46,0.009681
-72.1,0.71,0.007344
-72.1,0.96,0.02003
-72.1,1.21,0.08179
-72.1,1.46,0.198299
-72.1,1.71,0.155902
-72.1,1.96,0.082458
-72.1,2.21,0.03572
-72.1,2.46,0.01302
-72.1,2.71,0.003338
-72.1,2.96,0.0
-72.1,3.21,0.0
-72.1,3.46,0.0
-72.1,3.71,0.0
-72.1,3.96,0.0
-72.1,4.21,0.000334
-72.1,4.46,0.0
-72.1,4.71,0.000668
-72.1,4.96,0.001335
-72.1,5.21,0.0
-72.1,5.46,0.0
-72.1,5.71,0.0
-72.1,5.96,0.003672
-72.1,6.21,0.077784
-72.1,6.46,0.344519
-72.1,6.71,0.414625
-72.1,6.96,0.253048
-72.1,7.21,0.163246
-72.1,7.46,0.230347
-72.1,7.71,0.15056
-72.1,7.96,0.654319
-72.1,8.21,0.413957
-72.1,8.46,0.082458
-72.1,8.71,0.024704
-72.1,8.96,0.0
-72.1,9.21,0.0
-72.1,9.46,0.000334
-72.1,9.71,0.038391
-72.1,9.96,0.150226
-72.1,10.21,0.062761
-72.1,10.46,0.039727
-72.1,10.71,0.00868
-72.1,10.96,0.001669
-72.1,11.21,0.0
-72.1,11.46,0.0
-72.1,11.71,0.0
-72.1,11.96,0.0
-72.1,12.21,0.0
-72.1,12.46,0.0
-71.85,-4.29,0.003338
-71.85,-4.04,0.004674
-71.85,-3.79,0.005341
-71.85,-3.54,0.002671
-71.85,-3.29,0.003338
-71.85,-3.04,0.010349
-71.85,-2.79,0.038391
-71.85,-2.54,0.047405
-71.85,-2.29,0.04006
-71.85,-2.04,0.027375
-71.85,-1.79,0.01302
-71.85,-1.54,0.016358
-71.85,-1.29,0.010683
-71.85,-1.04,0.003338
-71.85,-0.79,0.000334
-71.85,-0.54,0.022367
-71.85,-0.29,0.020698
-71.85,-0.04,0.006009
-71.85,0.21,0.000334
-71.85,0.46,0.000334
-71.85,0.71,0.003338
-71.85,0.96,0.019363
-71.85,1.21,0.075781
-71.85,1.46,0.145553
-71.85,1.71,0.131198
-71.85,1.96,0.074779
-71.85,2.21,0.024704
-71.85,2.46,0.006343
-71.85,2.71,0.001002
-71.85,2.96,0.0
-71.85,3.21,0.0
-71.85,3.46,0.0
-71.85,3.71,0.0
-71.85,3.96,0.0
-71.85,4.21,0.000334
-71.85,4.46,0.0
-71.85,4.71,0.001335
-71.85,4.96,0.004674
-71.85,5.21,0.009014
-71.85,5.46,0.003005
-71.85,5.71,0.000668
-71.85,5.96,0.0
-71.85,6.21,0.015023
-71.85,6.46,0.085462
-71.85,6.71,0.155902
-71.85,6.96,0.201303
-71.85,7.21,0.191288
-71.85,7.46,0.088133
-71.85,7.71,0.066767
-71.85,7.96,0.153898
-71.85,8.21,0.085128
-71.85,8.46,0.213989
-71.85,8.71,0.107829
-71.85,8.96,0.0
-71.85,9.21,0.0
-71.85,9.46,0.0
-71.85,9.71,0.025038
-71.85,9.96,0.092806
-71.85,10.21,0.048406
-71.85,10.46,0.056084
-71.85,10.71,0.017026
-71.85,10.96,0.001335
-71.85,11.21,0.0
-71.85,11.46,0.0
-71.85,11.71,0.0
-71.85,11.96,0.0
-71.85,12.21,0.0
-71.85,12.46,0.0
-71.6,-4.29,0.001335
-71.6,-4.04,0.001335
-71.6,-3.79,0.000668
-71.6,-3.54,0.000334
-71.6,-3.29,0.000334
-71.6,-3.04,0.000668
-71.6,-2.79,0.003672
-71.6,-2.54,0.005008
-71.6,-2.29,0.003672
-71.6,-2.04,0.003338
-71.6,-1.79,0.004006
-71.6,-1.54,0.006343
-71.6,-1.29,0.002671
-71.6,-1.04,0.0
-71.6,-0.79,0.0
-71.6,-0.54,0.004006
-71.6,-0.29,0.004006
-71.6,-0.04,0.0
-71.6,0.21,0.0
-71.6,0.46,0.000668
-71.6,0.71,0.003672
-71.6,0.96,0.018695
-71.6,1.21,0.045402
-71.6,1.46,0.083459
-71.6,1.71,0.080788
-71.6,1.96,0.044734
-71.6,2.21,0.021366
-71.6,2.46,0.003672
-71.6,2.71,0.000668
-71.6,2.96,0.0
-71.6,3.21,0.0
-71.6,3.46,0.0
-71.6,3.71,0.0
-71.6,3.96,0.0
-71.6,4.21,0.0
-71.6,4.46,0.0
-71.6,4.71,0.001002
-71.6,4.96,0.006343
-71.6,5.21,0.017359
-71.6,5.46,0.029044
-71.6,5.71,0.001335
-71.6,5.96,0.0
-71.6,6.21,0.001335
-71.6,6.46,0.002003
-71.6,6.71,0.016358
-71.6,6.96,0.125856
-71.6,7.21,0.175264
-71.6,7.46,0.03305
-71.6,7.71,0.011684
-71.6,7.96,0.090136
-71.6,8.21,0.083459
-71.6,8.46,0.227009
-71.6,8.71,0.13487
-71.6,8.96,0.014021
-71.6,9.21,0.0
-71.6,9.46,0.0
-71.6,9.71,0.0
-71.6,9.96,0.057754
-71.6,10.21,0.655988
-71.6,10.46,0.320149
-71.6,10.71,0.02003
-71.6,10.96,0.002337
-71.6,11.21,0.0
-71.6,11.46,0.0
-71.6,11.71,0.0
-71.6,11.96,0.0
-71.6,12.21,0.0
-71.6,12.46,0.0
-71.35,-4.29,0.001669
-71.35,-4.04,0.000334
-71.35,-3.79,0.0
-71.35,-3.54,0.0
-71.35,-3.29,0.0
-71.35,-3.04,0.0
-71.35,-2.79,0.0
-71.35,-2.54,0.0
-71.35,-2.29,0.0
-71.35,-2.04,0.000334
-71.35,-1.79,0.001335
-71.35,-1.54,0.002003
-71.35,-1.29,0.000334
-71.35,-1.04,0.0
-71.35,-0.79,0.0
-71.35,-0.54,0.0
-71.35,-0.29,0.0
-71.35,-0.04,0.0
-71.35,0.21,0.0
-71.35,0.46,0.000668
-71.35,0.71,0.00434
-71.35,0.96,0.015356
-71.35,1.21,0.028376
-71.35,1.46,0.034051
-71.35,1.71,0.032048
-71.35,1.96,0.027041
-71.35,2.21,0.012686
-71.35,2.46,0.00434
-71.35,2.71,0.001335
-71.35,2.96,0.0
-71.35,3.21,0.0
-71.35,3.46,0.0
-71.35,3.71,0.0
-71.35,3.96,0.0
-71.35,4.21,0.0
-71.35,4.46,0.0
-71.35,4.71,0.000334
-71.35,4.96,0.006343
-71.35,5.21,0.043399
-71.35,5.46,0.175932
-71.35,5.71,0.054415
-71.35,5.96,0.0
-71.35,6.21,0.0
-71.35,6.46,0.0
-71.35,6.71,0.007344
-71.35,6.96,0.033384
-71.35,7.21,0.055417
-71.35,7.46,0.020698
-71.35,7.71,0.003338
-71.35,7.96,0.027375
-71.35,8.21,0.072109
-71.35,8.46,0.151562
-71.35,8.71,0.52913
-71.35,8.96,0.507097
-71.35,9.21,0.181941
-71.35,9.46,0.000334
-71.35,9.71,0.0
-71.35,9.96,0.097146
-71.35,10.21,0.655988
-71.35,10.46,0.436658
-71.35,10.71,0.075447
-71.35,10.96,0.002337
-71.35,11.21,0.0
-71.35,11.46,0.0
-71.35,11.71,0.0
-71.35,11.96,0.0
-71.35,12.21,0.0
-71.35,12.46,0.0
-71.1,-4.29,0.003005
-71.1,-4.04,0.000334
-71.1,-3.79,0.0
-71.1,-3.54,0.0
-71.1,-3.29,0.0
-71.1,-3.04,0.0
-71.1,-2.79,0.0
-71.1,-2.54,0.0
-71.1,-2.29,0.0
-71.1,-2.04,0.0
-71.1,-1.79,0.000334
-71.1,-1.54,0.000668
-71.1,-1.29,0.000334
-71.1,-1.04,0.0
-71.1,-0.79,0.0
-71.1,-0.54,0.0
-71.1,-0.29,0.0
-71.1,-0.04,0.0
-71.1,0.21,0.0
-71.1,0.46,0.000668
-71.1,0.71,0.004006
-71.1,0.96,0.016692
-71.1,1.21,0.016358
-71.1,1.46,0.015356
-71.1,1.71,0.012018
-71.1,1.96,0.015023
-71.1,2.21,0.023035
-71.1,2.46,0.016692
-71.1,2.71,0.07745
-71.1,2.96,0.029378
-71.1,3.21,0.000334
-71.1,3.46,0.000334
-71.1,3.71,0.0
-71.1,3.96,0.0
-71.1,4.21,0.0
-71.1,4.46,0.0
-71.1,4.71,0.0
-71.1,4.96,0.02003
-71.1,5.21,0.105158
-71.1,5.46,0.286098
-71.1,5.71,0.068103
-71.1,5.96,0.006343
-71.1,6.21,0.0
-71.1,6.46,0.0
-71.1,6.71,0.001669
-71.1,6.96,0.003672
-71.1,7.21,0.003672
-71.1,7.46,0.000334
-71.1,7.71,0.001002
-71.1,7.96,0.007011
-71.1,8.21,0.050743
-71.1,8.46,0.1105
-71.1,8.71,0.777838
-71.1,8.96,0.779508
-71.1,9.21,0.178936
-71.1,9.46,0.009681
-71.1,9.71,0.0
-71.1,9.96,0.047071
-71.1,10.21,0.135871
-71.1,10.46,0.167252
-71.1,10.71,0.085462
-71.1,10.96,0.006343
-71.1,11.21,0.0
-71.1,11.46,0.0
-71.1,11.71,0.0
-71.1,11.96,0.0
-71.1,12.21,0.0
-71.1,12.46,0.0
-70.85,-4.29,0.004674
-70.85,-4.04,0.002003
-70.85,-3.79,0.000334
-70.85,-3.54,0.000334
-70.85,-3.29,0.0
-70.85,-3.04,0.0
-70.85,-2.79,0.0
-70.85,-2.54,0.0
-70.85,-2.29,0.0
-70.85,-2.04,0.0
-70.85,-1.79,0.0
-70.85,-1.54,0.0
-70.85,-1.29,0.0
-70.85,-1.04,0.0
-70.85,-0.79,0.0
-70.85,-0.54,0.0
-70.85,-0.29,0.000334
-70.85,-0.04,0.000334
-70.85,0.21,0.0
-70.85,0.46,0.000668
-70.85,0.71,0.056752
-70.85,0.96,0.208648
-70.85,1.21,0.079119
-70.85,1.46,0.007344
-70.85,1.71,0.007678
-70.85,1.96,0.02437
-70.85,2.21,0.038391
-70.85,2.46,0.029378
-70.85,2.71,0.114172
-70.85,2.96,0.03739
-70.85,3.21,0.003672
-70.85,3.46,0.000334
-70.85,3.71,0.0
-70.85,3.96,0.0
-70.85,4.21,0.0
-70.85,4.46,0.0
-70.85,4.71,0.000334
-70.85,4.96,0.03305
-70.85,5.21,0.10182
-70.85,5.46,0.237358
-70.85,5.71,0.054081
-70.85,5.96,0.007344
-70.85,6.21,0.000334
-70.85,6.46,0.0
-70.85,6.71,0.0
-70.85,6.96,0.000334
-70.85,7.21,0.000668
-70.85,7.46,0.000334
-70.85,7.71,0.0
-70.85,7.96,0.0
-70.85,8.21,0.017359
-70.85,8.46,0.055751
-70.85,8.71,0.454685
-70.85,8.96,0.401939
-70.85,9.21,0.050409
-70.85,9.46,0.016358
-70.85,9.71,0.002337
-70.85,9.96,0.001669
-70.85,10.21,0.007678
-70.85,10.46,0.026707
-70.85,10.71,0.017359
-70.85,10.96,0.006343
-70.85,11.21,0.0
-70.85,11.46,0.0
-70.85,11.71,0.0
-70.85,11.96,0.0
-70.85,12.21,0.0
-70.85,12.46,0.0
-70.6,-4.29,0.005675
-70.6,-4.04,0.004006
-70.6,-3.79,0.000668
-70.6,-3.54,0.000668
-70.6,-3.29,0.0
-70.6,-3.04,0.0
-70.6,-2.79,0.0
-70.6,-2.54,0.0
-70.6,-2.29,0.000334
-70.6,-2.04,0.000334
-70.6,-1.79,0.0
-70.6,-1.54,0.0
-70.6,-1.29,0.0
-70.6,-1.04,0.0
-70.6,-0.79,0.0
-70.6,-0.54,0.0
-70.6,-0.29,0.000668
-70.6,-0.04,0.000668
-70.6,0.21,0.0
-70.6,0.46,0.001669
-70.6,0.71,0.106828
-70.6,0.96,0.369891
-70.6,1.21,0.088133
-70.6,1.46,0.011684
-70.6,1.71,0.138876
-70.6,1.96,0.161911
-70.6,2.21,0.072109
-70.6,2.46,0.060091
-70.6,2.71,0.043733
-70.6,2.96,0.010683
-70.6,3.21,0.003672
-70.6,3.46,0.000334
-70.6,3.71,0.0
-70.6,3.96,0.000334
-70.6,4.21,0.000334
-70.6,4.46,0.0
-70.6,4.71,0.000668
-70.6,4.96,0.018361
-70.6,5.21,0.04173
-70.6,5.46,0.107495
-70.6,5.71,0.043399
-70.6,5.96,0.002671
-70.6,6.21,0.000334
-70.6,6.46,0.0
-70.6,6.71,0.0
-70.6,6.96,0.0
-70.6,7.21,0.0
-70.6,7.46,0.0
-70.6,7.71,0.0
-70.6,7.96,0.0
-70.6,8.21,0.006009
-70.6,8.46,0.019363
-70.6,8.71,0.176266
-70.6,8.96,0.159574
-70.6,9.21,0.050075
-70.6,9.46,0.013687
-70.6,9.71,0.002337
-70.6,9.96,0.000668
-70.6,10.21,0.002337
-70.6,10.46,0.003672
-70.6,10.71,0.001669
-70.6,10.96,0.0
-70.6,11.21,0.0
-70.6,11.46,0.0
-70.6,11.71,0.0
-70.6,11.96,0.0
-70.6,12.21,0.0
-70.6,12.46,0.0
-70.35,-4.29,0.005675
-70.35,-4.04,0.009681
-70.35,-3.79,0.002671
-70.35,-3.54,0.000334
-70.35,-3.29,0.0
-70.35,-3.04,0.0
-70.35,-2.79,0.0
-70.35,-2.54,0.000668
-70.35,-2.29,0.001002
-70.35,-2.04,0.000668
-70.35,-1.79,0.0
-70.35,-1.54,0.0
-70.35,-1.29,0.0
-70.35,-1.04,0.0
-70.35,-0.79,0.0
-70.35,-0.54,0.0
-70.35,-0.29,0.000334
-70.35,-0.04,0.000334
-70.35,0.21,0.0
-70.35,0.46,0.002337
-70.35,0.71,0.074779
-70.35,0.96,0.183276
-70.35,1.21,0.036054
-70.35,1.46,0.064097
-70.35,1.71,0.346188
-70.35,1.96,0.303457
-70.35,2.21,0.157571
-70.35,2.46,0.091137
-70.35,2.71,0.030045
-70.35,2.96,0.00434
-70.35,3.21,0.001002
-70.35,3.46,0.0
-70.35,3.71,0.0
-70.35,3.96,0.000334
-70.35,4.21,0.000334
-70.35,4.46,0.0
-70.35,4.71,0.000668
-70.35,4.96,0.005341
-70.35,5.21,0.016358
-70.35,5.46,0.023702
-70.35,5.71,0.008012
-70.35,5.96,0.001669
-70.35,6.21,0.0
-70.35,6.46,0.0
-70.35,6.71,0.0
-70.35,6.96,0.0
-70.35,7.21,0.0
-70.35,7.46,0.007344
-70.35,7.71,0.002003
-70.35,7.96,0.0
-70.35,8.21,0.018695
-70.35,8.46,0.002671
-70.35,8.71,0.070773
-70.35,8.96,0.069438
-70.35,9.21,0.017026
-70.35,9.46,0.006677
-70.35,9.71,0.0
-70.35,9.96,0.0
-70.35,10.21,0.0
-70.35,10.46,0.0
-70.35,10.71,0.0
-70.35,10.96,0.0
-70.35,11.21,0.0
-70.35,11.46,0.0
-70.35,11.71,0.0
-70.35,11.96,0.0
-70.35,12.21,0.0
-70.35,12.46,0.0
-70.1,-4.29,0.004006
-70.1,-4.04,0.006343
-70.1,-3.79,0.002337
-70.1,-3.54,0.0
-70.1,-3.29,0.0
-70.1,-3.04,0.0
-70.1,-2.79,0.000334
-70.1,-2.54,0.001335
-70.1,-2.29,0.002671
-70.1,-2.04,0.002337
-70.1,-1.79,0.000334
-70.1,-1.54,0.0
-70.1,-1.29,0.0
-70.1,-1.04,0.0
-70.1,-0.79,0.0
-70.1,-0.54,0.0
-70.1,-0.29,0.0
-70.1,-0.04,0.0
-70.1,0.21,0.0
-70.1,0.46,0.001669
-70.1,0.71,0.042063
-70.1,0.96,0.143883
-70.1,1.21,0.032048
-70.1,1.46,0.168587
-70.1,1.71,0.225673
-70.1,1.96,0.224338
-70.1,2.21,0.213321
-70.1,2.46,0.13487
-70.1,2.71,0.042731
-70.1,2.96,0.012018
-70.1,3.21,0.002003
-70.1,3.46,0.001002
-70.1,3.71,0.000668
-70.1,3.96,0.000334
-70.1,4.21,0.000334
-70.1,4.46,0.0
-70.1,4.71,0.000334
-70.1,4.96,0.004006
-70.1,5.21,0.010349
-70.1,5.46,0.014021
-70.1,5.71,0.007678
-70.1,5.96,0.002337
-70.1,6.21,0.000668
-70.1,6.46,0.000668
-70.1,6.71,0.0
-70.1,6.96,0.0
-70.1,7.21,0.039727
-70.1,7.46,0.125189
-70.1,7.71,0.010349
-70.1,7.96,0.007344
-70.1,8.21,0.015023
-70.1,8.46,0.003005
-70.1,8.71,0.000668
-70.1,8.96,0.003338
-70.1,9.21,0.003338
-70.1,9.46,0.0
-70.1,9.71,0.0
-70.1,9.96,0.0
-70.1,10.21,0.0
-70.1,10.46,0.0
-70.1,10.71,0.0
-70.1,10.96,0.0
-70.1,11.21,0.0
-70.1,11.46,0.0
-70.1,11.71,0.0
-70.1,11.96,0.0
-70.1,12.21,0.0
-70.1,12.46,0.0
-69.85,-4.29,0.01135
-69.85,-4.04,0.001335
-69.85,-3.79,0.000334
-69.85,-3.54,0.000668
-69.85,-3.29,0.000334
-69.85,-3.04,0.0
-69.85,-2.79,0.000334
-69.85,-2.54,0.000334
-69.85,-2.29,0.001669
-69.85,-2.04,0.001669
-69.85,-1.79,0.000334
-69.85,-1.54,0.0
-69.85,-1.29,0.0
-69.85,-1.04,0.0
-69.85,-0.79,0.0
-69.85,-0.54,0.0
-69.85,-0.29,0.0
-69.85,-0.04,0.000334
-69.85,0.21,0.008346
-69.85,0.46,0.020364
-69.85,0.71,0.025038
-69.85,0.96,0.066767
-69.85,1.21,0.017359
-69.85,1.46,0.110166
-69.85,1.71,0.113504
-69.85,1.96,0.149892
-69.85,2.21,0.180939
-69.85,2.46,0.139877
-69.85,2.71,0.051411
-69.85,2.96,0.019363
-69.85,3.21,0.006677
-69.85,3.46,0.005675
-69.85,3.71,0.004674
-69.85,3.96,0.001335
-69.85,4.21,0.000334
-69.85,4.46,0.0
-69.85,4.71,0.000334
-69.85,4.96,0.003005
-69.85,5.21,0.009014
-69.85,5.46,0.012018
-69.85,5.71,0.014689
-69.85,5.96,0.01135
-69.85,6.21,0.007344
-69.85,6.46,0.002337
-69.85,6.71,0.000334
-69.85,6.96,0.0
-69.85,7.21,0.026373
-69.85,7.46,0.087799
-69.85,7.71,0.077116
-69.85,7.96,0.070439
-69.85,8.21,0.029044
-69.85,8.46,0.006677
-69.85,8.71,0.003338
-69.85,8.96,0.0
-69.85,9.21,0.0
-69.85,9.46,0.0
-69.85,9.71,0.0
-69.85,9.96,0.0
-69.85,10.21,0.0
-69.85,10.46,0.0
-69.85,10.71,0.0
-69.85,10.96,0.0
-69.85,11.21,0.0
-69.85,11.46,0.0
-69.85,11.71,0.0
-69.85,11.96,0.000334
-69.85,12.21,0.0
-69.85,12.46,0.0
-69.6,-4.29,0.016692
-69.6,-4.04,0.002337
-69.6,-3.79,0.000668
-69.6,-3.54,0.001669
-69.6,-3.29,0.000668
-69.6,-3.04,0.0
-69.6,-2.79,0.0
-69.6,-2.54,0.0
-69.6,-2.29,0.0
-69.6,-2.04,0.04874
-69.6,-1.79,0.126524
-69.6,-1.54,0.033717
-69.6,-1.29,0.0
-69.6,-1.04,0.0
-69.6,-0.79,0.000668
-69.6,-0.54,0.000334
-69.6,-0.29,0.0
-69.6,-0.04,0.000334
-69.6,0.21,0.005008
-69.6,0.46,0.014021
-69.6,0.71,0.008012
-69.6,0.96,0.003338
-69.6,1.21,0.051411
-69.6,1.46,0.108497
-69.6,1.71,0.086464
-69.6,1.96,0.085128
-69.6,2.21,0.078118
-69.6,2.46,0.061426
-69.6,2.71,0.03305
-69.6,2.96,0.016358
-69.6,3.21,0.013687
-69.6,3.46,0.012018
-69.6,3.71,0.01135
-69.6,3.96,0.004674
-69.6,4.21,0.000334
-69.6,4.46,0.0
-69.6,4.71,0.000668
-69.6,4.96,0.004006
-69.6,5.21,0.014021
-69.6,5.46,0.019696
-69.6,5.71,0.03305
-69.6,5.96,0.016024
-69.6,6.21,0.005675
-69.6,6.46,0.002003
-69.6,6.71,0.000334
-69.6,6.96,0.113838
-69.6,7.21,0.379238
-69.6,7.46,0.464366
-69.6,7.71,0.32282
-69.6,7.96,0.19062
-69.6,8.21,0.031381
-69.6,8.46,0.007011
-69.6,8.71,0.003338
-69.6,8.96,0.000334
-69.6,9.21,0.0
-69.6,9.46,0.0
-69.6,9.71,0.0
-69.6,9.96,0.0
-69.6,10.21,0.0
-69.6,10.46,0.0
-69.6,10.71,0.0
-69.6,10.96,0.0
-69.6,11.21,0.0
-69.6,11.46,0.0
-69.6,11.71,0.0
-69.6,11.96,0.000334
-69.6,12.21,0.0
-69.6,12.46,0.0
-69.35,-4.29,0.073444
-69.35,-4.04,0.033384
-69.35,-3.79,0.009014
-69.35,-3.54,0.001002
-69.35,-3.29,0.000334
-69.35,-3.04,0.0
-69.35,-2.79,0.0
-69.35,-2.54,0.0
-69.35,-2.29,0.004674
-69.35,-2.04,0.194627
-69.35,-1.79,0.491407
-69.35,-1.54,0.24537
-69.35,-1.29,0.056418
-69.35,-1.04,0.0
-69.35,-0.79,0.054415
-69.35,-0.54,0.185279
-69.35,-0.29,0.219664
-69.35,-0.04,0.098148
-69.35,0.21,0.026373
-69.35,0.46,0.000334
-69.35,0.71,0.002003
-69.35,0.96,0.008346
-69.35,1.21,0.066433
-69.35,1.46,0.084794
-69.35,1.71,0.063095
-69.35,1.96,0.023702
-69.35,2.21,0.012352
-69.35,2.46,0.010349
-69.35,2.71,0.005008
-69.35,2.96,0.011684
-69.35,3.21,0.026039
-69.35,3.46,0.025705
-69.35,3.71,0.019029
-69.35,3.96,0.009014
-69.35,4.21,0.003005
-69.35,4.46,0.0
-69.35,4.71,0.001002
-69.35,4.96,0.075781
-69.35,5.21,0.172259
-69.35,5.46,0.184945
-69.35,5.71,0.095811
-69.35,5.96,0.01569
-69.35,6.21,0.002671
-69.35,6.46,0.000334
-69.35,6.71,0.0
-69.35,6.96,0.146554
-69.35,7.21,0.337175
-69.35,7.46,0.37156
-69.35,7.71,0.258723
-69.35,7.96,0.142214
-69.35,8.21,0.014355
-69.35,8.46,0.003338
-69.35,8.71,0.000668
-69.35,8.96,0.000334
-69.35,9.21,0.0
-69.35,9.46,0.0
-69.35,9.71,0.0
-69.35,9.96,0.0
-69.35,10.21,0.0
-69.35,10.46,0.0
-69.35,10.71,0.0
-69.35,10.96,0.0
-69.35,11.21,0.0
-69.35,11.46,0.0
-69.35,11.71,0.000334
-69.35,11.96,0.001669
-69.35,12.21,0.000334
-69.35,12.46,0.0
-69.1,-4.29,0.197297
-69.1,-4.04,0.0661
-69.1,-3.79,0.008346
-69.1,-3.54,0.000334
-69.1,-3.29,0.000334
-69.1,-3.04,0.009681
-69.1,-2.79,0.005675
-69.1,-2.54,0.001669
-69.1,-2.29,0.024704
-69.1,-2.04,0.182275
-69.1,-1.79,0.45168
-69.1,-1.54,0.521452
-69.1,-1.29,0.056418
-69.1,-1.04,0.0
-69.1,-0.79,0.545155
-69.1,-0.54,0.516778
-69.1,-0.29,0.450011
-69.1,-0.04,0.277418
-69.1,0.21,0.026039
-69.1,0.46,0.0
-69.1,0.71,0.026039
-69.1,0.96,0.087465
-69.1,1.21,0.112169
-69.1,1.46,0.052078
-69.1,1.71,0.024036
-69.1,1.96,0.006343
-69.1,2.21,0.003672
-69.1,2.46,0.002337
-69.1,2.71,0.004006
-69.1,2.96,0.013353
-69.1,3.21,0.051077
-69.1,3.46,0.053414
-69.1,3.71,0.027375
-69.1,3.96,0.018695
-69.1,4.21,0.043399
-69.1,4.46,0.087131
-69.1,4.71,0.26807
-69.1,4.96,0.36722
-69.1,5.21,0.207312
-69.1,5.46,0.194627
-69.1,5.71,0.080121
-69.1,5.96,0.014355
-69.1,6.21,0.002003
-69.1,6.46,0.0
-69.1,6.71,0.0
-69.1,6.96,0.056418
-69.1,7.21,0.056418
-69.1,7.46,0.052412
-69.1,7.71,0.048406
-69.1,7.96,0.018695
-69.1,8.21,0.007344
-69.1,8.46,0.0
-69.1,8.71,0.0
-69.1,8.96,0.0
-69.1,9.21,0.0
-69.1,9.46,0.0
-69.1,9.71,0.0
-69.1,9.96,0.0
-69.1,10.21,0.0
-69.1,10.46,0.0
-69.1,10.71,0.003338
-69.1,10.96,0.001002
-69.1,11.21,0.0
-69.1,11.46,0.000334
-69.1,11.71,0.001335
-69.1,11.96,0.002337
-69.1,12.21,0.000334
-69.1,12.46,0.000334
-68.85,-4.29,0.134202
-68.85,-4.04,0.060758
-68.85,-3.79,0.026707
-68.85,-3.54,0.0
-68.85,-3.29,0.000668
-68.85,-3.04,0.242365
-68.85,-2.79,0.08179
-68.85,-2.54,0.024036
-68.85,-2.29,0.025372
-68.85,-2.04,0.101152
-68.85,-1.79,0.203974
-68.85,-1.54,0.429647
-68.85,-1.29,0.05742
-68.85,-1.04,0.073778
-68.85,-0.79,0.623272
-68.85,-0.54,0.553834
-68.85,-0.29,0.475717
-68.85,-0.04,0.337508
-68.85,0.21,0.049074
-68.85,0.46,0.0
-68.85,0.71,0.03572
-68.85,0.96,0.121516
-68.85,1.21,0.156569
-68.85,1.46,0.043065
-68.85,1.71,0.007011
-68.85,1.96,0.002337
-68.85,2.21,0.003338
-68.85,2.46,0.004674
-68.85,2.71,0.004006
-68.85,2.96,0.015356
-68.85,3.21,0.059757
-68.85,3.46,0.089468
-68.85,3.71,0.059423
-68.85,3.96,0.043733
-68.85,4.21,0.083459
-68.85,4.46,0.405277
-68.85,4.71,0.656322
-68.85,4.96,0.516111
-68.85,5.21,0.194293
-68.85,5.46,0.055417
-68.85,5.71,0.010683
-68.85,5.96,0.007011
-68.85,6.21,0.0
-68.85,6.46,0.0
-68.85,6.71,0.0
-68.85,6.96,0.0
-68.85,7.21,0.0
-68.85,7.46,0.0
-68.85,7.71,0.0
-68.85,7.96,0.0
-68.85,8.21,0.0
-68.85,8.46,0.0
-68.85,8.71,0.0
-68.85,8.96,0.0
-68.85,9.21,0.0
-68.85,9.46,0.0
-68.85,9.71,0.0
-68.85,9.96,0.0
-68.85,10.21,0.0
-68.85,10.46,0.0
-68.85,10.71,0.015023
-68.85,10.96,0.01135
-68.85,11.21,0.005008
-68.85,11.46,0.003672
-68.85,11.71,0.002003
-68.85,11.96,0.001669
-68.85,12.21,0.000668
-68.85,12.46,0.004006
-68.6,-4.29,0.027708
-68.6,-4.04,0.024704
-68.6,-3.79,0.056752
-68.6,-3.54,0.031381
-68.6,-3.29,0.28977
-68.6,-3.04,0.445338
-68.6,-2.79,0.215992
-68.6,-2.54,0.073778
-68.6,-2.29,0.019696
-68.6,-2.04,0.065766
-68.6,-1.79,0.052746
-68.6,-1.54,0.145219
-68.6,-1.29,0.103823
-68.6,-1.04,0.149225
-68.6,-0.79,0.185947
-68.6,-0.54,0.22367
-68.6,-0.29,0.292441
-68.6,-0.04,0.172259
-68.6,0.21,0.049742
-68.6,0.46,0.000668
-68.6,0.71,0.010349
-68.6,0.96,0.053414
-68.6,1.21,0.111501
-68.6,1.46,0.034719
-68.6,1.71,0.005008
-68.6,1.96,0.001002
-68.6,2.21,0.00434
-68.6,2.46,0.005675
-68.6,2.71,0.003005
-68.6,2.96,0.008012
-68.6,3.21,0.042397
-68.6,3.46,0.083793
-68.6,3.71,0.14188
-68.6,3.96,0.115507
-68.6,4.21,0.184611
-68.6,4.46,0.596565
-68.6,4.71,1.17477
-68.6,4.96,0.925728
-68.6,5.21,0.303457
-68.6,5.46,0.053414
-68.6,5.71,0.0
-68.6,5.96,0.0
-68.6,6.21,0.0
-68.6,6.46,0.0
-68.6,6.71,0.0
-68.6,6.96,0.0
-68.6,7.21,0.0
-68.6,7.46,0.0
-68.6,7.71,0.0
-68.6,7.96,0.0
-68.6,8.21,0.0
-68.6,8.46,0.0
-68.6,8.71,0.0
-68.6,8.96,0.0
-68.6,9.21,0.0
-68.6,9.46,0.0
-68.6,9.71,0.0
-68.6,9.96,0.0
-68.6,10.21,0.000334
-68.6,10.46,0.0
-68.6,10.71,0.028042
-68.6,10.96,0.021366
-68.6,11.21,0.00868
-68.6,11.46,0.006343
-68.6,11.71,0.001669
-68.6,11.96,0.001335
-68.6,12.21,0.002671
-68.6,12.46,0.00868
-68.35,-4.29,0.048406
-68.35,-4.04,0.016692
-68.35,-3.79,0.041396
-68.35,-3.54,0.103823
-68.35,-3.29,0.607916
-68.35,-3.04,0.323487
-68.35,-2.79,0.328495
-68.35,-2.54,0.102488
-68.35,-2.29,0.080788
-68.35,-2.04,0.145886
-68.35,-1.79,0.045736
-68.35,-1.54,0.024036
-68.35,-1.29,0.082458
-68.35,-1.04,0.128193
-68.35,-0.79,0.03572
-68.35,-0.54,0.025372
-68.35,-0.29,0.074112
-68.35,-0.04,0.040394
-68.35,0.21,0.000668
-68.35,0.46,0.003338
-68.35,0.71,0.003005
-68.35,0.96,0.018027
-68.35,1.21,0.038391
-68.35,1.46,0.02003
-68.35,1.71,0.000668
-68.35,1.96,0.000668
-68.35,2.21,0.004006
-68.35,2.46,0.005675
-68.35,2.71,0.002003
-68.35,2.96,0.001335
-68.35,3.21,0.019696
-68.35,3.46,0.064097
-68.35,3.71,0.228678
-68.35,3.96,0.173595
-68.35,4.21,0.266401
-68.35,4.46,0.683029
-68.35,4.71,1.377074
-68.35,4.96,1.296954
-68.35,5.21,0.562514
-68.35,5.46,0.053748
-68.35,5.71,0.0
-68.35,5.96,0.0
-68.35,6.21,0.0
-68.35,6.46,0.0
-68.35,6.71,0.0
-68.35,6.96,0.0
-68.35,7.21,0.0
-68.35,7.46,0.0
-68.35,7.71,0.0
-68.35,7.96,0.0
-68.35,8.21,0.0
-68.35,8.46,0.0
-68.35,8.71,0.0
-68.35,8.96,0.0
-68.35,9.21,0.0
-68.35,9.46,0.0
-68.35,9.71,0.0
-68.35,9.96,0.0
-68.35,10.21,0.000668
-68.35,10.46,0.001002
-68.35,10.71,0.029044
-68.35,10.96,0.022367
-68.35,11.21,0.007678
-68.35,11.46,0.002671
-68.35,11.71,0.000668
-68.35,11.96,0.002003
-68.35,12.21,0.006677
-68.35,12.46,0.016692
-68.1,-4.29,0.083125
-68.1,-4.04,0.045402
-68.1,-3.79,0.108497
-68.1,-3.54,0.223003
-68.1,-3.29,0.477052
-68.1,-3.04,0.244702
-68.1,-2.79,0.244034
-68.1,-2.54,0.090136
-68.1,-2.29,0.078785
-68.1,-2.04,0.105492
-68.1,-1.79,0.037723
-68.1,-1.54,0.010349
-68.1,-1.29,0.029378
-68.1,-1.04,0.045068
-68.1,-0.79,0.018695
-68.1,-0.54,0.000668
-68.1,-0.29,0.000334
-68.1,-0.04,0.0
-68.1,0.21,0.000334
-68.1,0.46,0.003338
-68.1,0.71,0.007011
-68.1,0.96,0.041396
-68.1,1.21,0.004674
-68.1,1.46,0.000334
-68.1,1.71,0.000334
-68.1,1.96,0.000334
-68.1,2.21,0.00434
-68.1,2.46,0.005675
-68.1,2.71,0.001002
-68.1,2.96,0.000334
-68.1,3.21,0.007344
-68.1,3.46,0.070439
-68.1,3.71,0.369223
-68.1,3.96,0.201303
-68.1,4.21,0.955439
-68.1,4.46,1.105332
-68.1,4.71,0.779508
-68.1,4.96,0.657324
-68.1,5.21,0.337175
-68.1,5.46,0.002003
-68.1,5.71,0.0
-68.1,5.96,0.0
-68.1,6.21,0.0
-68.1,6.46,0.0
-68.1,6.71,0.0
-68.1,6.96,0.0
-68.1,7.21,0.0
-68.1,7.46,0.0
-68.1,7.71,0.0
-68.1,7.96,0.0
-68.1,8.21,0.0
-68.1,8.46,0.0
-68.1,8.71,0.0
-68.1,8.96,0.0
-68.1,9.21,0.002003
-68.1,9.46,0.002003
-68.1,9.71,0.0
-68.1,9.96,0.0
-68.1,10.21,0.001002
-68.1,10.46,0.002337
-68.1,10.71,0.029044
-68.1,10.96,0.020698
-68.1,11.21,0.004006
-68.1,11.46,0.0
-68.1,11.71,0.001002
-68.1,11.96,0.003338
-68.1,12.21,0.013687
-68.1,12.46,0.04173
-67.85,-4.29,0.03572
-67.85,-4.04,0.079119
-67.85,-3.79,0.221
-67.85,-3.54,0.602574
-67.85,-3.29,0.389587
-67.85,-3.04,0.425975
-67.85,-2.79,0.311803
-67.85,-2.54,0.122518
-67.85,-2.29,0.062094
-67.85,-2.04,0.022701
-67.85,-1.79,0.003338
-67.85,-1.54,0.0
-67.85,-1.29,0.000334
-67.85,-1.04,0.0
-67.85,-0.79,0.0
-67.85,-0.54,0.0
-67.85,-0.29,0.0
-67.85,-0.04,0.0
-67.85,0.21,0.0
-67.85,0.46,0.000668
-67.85,0.71,0.003338
-67.85,0.96,0.017693
-67.85,1.21,0.000334
-67.85,1.46,0.0
-67.85,1.71,0.000334
-67.85,1.96,0.000334
-67.85,2.21,0.003005
-67.85,2.46,0.003338
-67.85,2.71,0.000334
-67.85,2.96,0.0
-67.85,3.21,0.003338
-67.85,3.46,0.025038
-67.85,3.71,0.186281
-67.85,3.96,0.104157
-67.85,4.21,0.57086
-67.85,4.46,0.542818
-67.85,4.71,0.200302
-67.85,4.96,0.111167
-67.85,5.21,0.009347
-67.85,5.46,0.002337
-67.85,5.71,0.001335
-67.85,5.96,0.001335
-67.85,6.21,0.000334
-67.85,6.46,0.0
-67.85,6.71,0.0
-67.85,6.96,0.0
-67.85,7.21,0.0
-67.85,7.46,0.0
-67.85,7.71,0.0
-67.85,7.96,0.0
-67.85,8.21,0.0
-67.85,8.46,0.0
-67.85,8.71,0.0
-67.85,8.96,0.0
-67.85,9.21,0.00434
-67.85,9.46,0.008012
-67.85,9.71,0.001669
-67.85,9.96,0.000334
-67.85,10.21,0.001002
-67.85,10.46,0.002003
-67.85,10.71,0.014355
-67.85,10.96,0.010015
-67.85,11.21,0.000668
-67.85,11.46,0.0
-67.85,11.71,0.002003
-67.85,11.96,0.007678
-67.85,12.21,0.026373
-67.85,12.46,0.138208
-67.6,-4.29,0.003005
-67.6,-4.04,0.091471
-67.6,-3.79,0.478053
-67.6,-3.54,1.100992
-67.6,-3.29,0.3098
-67.6,-3.04,0.42898
-67.6,-2.79,0.264398
-67.6,-2.54,0.08613
-67.6,-2.29,0.039059
-67.6,-2.04,0.009681
-67.6,-1.79,0.002671
-67.6,-1.54,0.0
-67.6,-1.29,0.0
-67.6,-1.04,0.0
-67.6,-0.79,0.0
-67.6,-0.54,0.0
-67.6,-0.29,0.0
-67.6,-0.04,0.0
-67.6,0.21,0.0
-67.6,0.46,0.0
-67.6,0.71,0.0
-67.6,0.96,0.0
-67.6,1.21,0.0
-67.6,1.46,0.0
-67.6,1.71,0.0
-67.6,1.96,0.000334
-67.6,2.21,0.001002
-67.6,2.46,0.001669
-67.6,2.71,0.001335
-67.6,2.96,0.000334
-67.6,3.21,0.0
-67.6,3.46,0.000334
-67.6,3.71,0.000668
-67.6,3.96,0.002337
-67.6,4.21,0.006009
-67.6,4.46,0.010349
-67.6,4.71,0.012352
-67.6,4.96,0.013687
-67.6,5.21,0.012352
-67.6,5.46,0.003338
-67.6,5.71,0.012352
-67.6,5.96,0.005341
-67.6,6.21,0.000334
-67.6,6.46,0.0
-67.6,6.71,0.0
-67.6,6.96,0.0
-67.6,7.21,0.0
-67.6,7.46,0.0
-67.6,7.71,0.0
-67.6,7.96,0.0
-67.6,8.21,0.0
-67.6,8.46,0.0
-67.6,8.71,0.0
-67.6,8.96,0.0
-67.6,9.21,0.001669
-67.6,9.46,0.00434
-67.6,9.71,0.001669
-67.6,9.96,0.000334
-67.6,10.21,0.002337
-67.6,10.46,0.001669
-67.6,10.71,0.000334
-67.6,10.96,0.000668
-67.6,11.21,0.000668
-67.6,11.46,0.000668
-67.6,11.71,0.003672
-67.6,11.96,0.014021
-67.6,12.21,0.066433
-67.6,12.46,0.215658
-67.35,-4.29,0.002671
-67.35,-4.04,0.069104
-67.35,-3.79,0.341181
-67.35,-3.54,0.792193
-67.35,-3.29,0.202639
-67.35,-3.04,0.152563
-67.35,-2.79,0.084127
-67.35,-2.54,0.039727
-67.35,-2.29,0.008012
-67.35,-2.04,0.003672
-67.35,-1.79,0.0
-67.35,-1.54,0.0
-67.35,-1.29,0.0
-67.35,-1.04,0.0
-67.35,-0.79,0.0
-67.35,-0.54,0.0
-67.35,-0.29,0.0
-67.35,-0.04,0.0
-67.35,0.21,0.0
-67.35,0.46,0.0
-67.35,0.71,0.0
-67.35,0.96,0.0
-67.35,1.21,0.0
-67.35,1.46,0.006677
-67.35,1.71,0.003338
-67.35,1.96,0.000334
-67.35,2.21,0.000668
-67.35,2.46,0.001335
-67.35,2.71,0.001669
-67.35,2.96,0.000668
-67.35,3.21,0.0
-67.35,3.46,0.002003
-67.35,3.71,0.005341
-67.35,3.96,0.005008
-67.35,4.21,0.008346
-67.35,4.46,0.01135
-67.35,4.71,0.01569
-67.35,4.96,0.021699
-67.35,5.21,0.051745
-67.35,5.46,0.235688
-67.35,5.71,0.109164
-67.35,5.96,0.007011
-67.35,6.21,0.000668
-67.35,6.46,0.0
-67.35,6.71,0.0
-67.35,6.96,0.0
-67.35,7.21,0.0
-67.35,7.46,0.0
-67.35,7.71,0.0
-67.35,7.96,0.0
-67.35,8.21,0.0
-67.35,8.46,0.078118
-67.35,8.71,0.043733
-67.35,8.96,0.0
-67.35,9.21,0.0
-67.35,9.46,0.0
-67.35,9.71,0.0
-67.35,9.96,0.000334
-67.35,10.21,0.001669
-67.35,10.46,0.001669
-67.35,10.71,0.000334
-67.35,10.96,0.005008
-67.35,11.21,0.00434
-67.35,11.46,0.005341
-67.35,11.71,0.01135
-67.35,11.96,0.021699
-67.35,12.21,0.062094
-67.35,12.46,0.346856
-67.1,-4.29,0.03572
-67.1,-4.04,0.056084
-67.1,-3.79,0.177267
-67.1,-3.54,0.330164
-67.1,-3.29,0.516445
-67.1,-3.04,0.238693
-67.1,-2.79,0.023702
-67.1,-2.54,0.010015
-67.1,-2.29,0.003005
-67.1,-2.04,0.000334
-67.1,-1.79,0.0
-67.1,-1.54,0.0
-67.1,-1.29,0.0
-67.1,-1.04,0.0
-67.1,-0.79,0.004674
-67.1,-0.54,0.001335
-67.1,-0.29,0.00434
-67.1,-0.04,0.003338
-67.1,0.21,0.0
-67.1,0.46,0.0
-67.1,0.71,0.0
-67.1,0.96,0.000334
-67.1,1.21,0.009347
-67.1,1.46,0.009681
-67.1,1.71,0.00434
-67.1,1.96,0.000668
-67.1,2.21,0.000334
-67.1,2.46,0.001002
-67.1,2.71,0.003672
-67.1,2.96,0.005675
-67.1,3.21,0.00434
-67.1,3.46,0.00868
-67.1,3.71,0.008012
-67.1,3.96,0.005008
-67.1,4.21,0.005008
-67.1,4.46,0.010683
-67.1,4.71,0.021366
-67.1,4.96,0.02871
-67.1,5.21,0.086797
-67.1,5.46,0.215992
-67.1,5.71,0.104157
-67.1,5.96,0.007678
-67.1,6.21,0.000668
-67.1,6.46,0.0
-67.1,6.71,0.0
-67.1,6.96,0.0
-67.1,7.21,0.0
-67.1,7.46,0.0
-67.1,7.71,0.0
-67.1,7.96,0.0
-67.1,8.21,0.026707
-67.1,8.46,0.256386
-67.1,8.71,0.164247
-67.1,8.96,0.035053
-67.1,9.21,0.0
-67.1,9.46,0.0
-67.1,9.71,0.0
-67.1,9.96,0.000334
-67.1,10.21,0.000334
-67.1,10.46,0.003005
-67.1,10.71,0.001335
-67.1,10.96,0.012018
-67.1,11.21,0.01135
-67.1,11.46,0.011017
-67.1,11.71,0.021699
-67.1,11.96,0.026039
-67.1,12.21,0.055083
-67.1,12.46,0.385247
-66.85,-4.29,0.285764
-66.85,-4.04,0.496414
-66.85,-3.79,0.418631
-66.85,-3.54,0.513774
-66.85,-3.29,0.625275
-66.85,-3.04,0.280422
-66.85,-2.79,0.083793
-66.85,-2.54,0.014021
-66.85,-2.29,0.003005
-66.85,-2.04,0.0
-66.85,-1.79,0.0
-66.85,-1.54,0.0
-66.85,-1.29,0.0
-66.85,-1.04,0.0
-66.85,-0.79,0.005008
-66.85,-0.54,0.004006
-66.85,-0.29,0.003672
-66.85,-0.04,0.002337
-66.85,0.21,0.0
-66.85,0.46,0.0
-66.85,0.71,0.0
-66.85,0.96,0.000668
-66.85,1.21,0.009681
-66.85,1.46,0.006343
-66.85,1.71,0.002003
-66.85,1.96,0.000334
-66.85,2.21,0.000334
-66.85,2.46,0.001002
-66.85,2.71,0.004006
-66.85,2.96,0.012018
-66.85,3.21,0.013353
-66.85,3.46,0.010349
-66.85,3.71,0.00868
-66.85,3.96,0.003005
-66.85,4.21,0.001335
-66.85,4.46,0.006677
-66.85,4.71,0.01302
-66.85,4.96,0.016692
-66.85,5.21,0.046403
-66.85,5.46,0.049408
-66.85,5.71,0.017026
-66.85,5.96,0.005675
-66.85,6.21,0.0
-66.85,6.46,0.0
-66.85,6.71,0.0
-66.85,6.96,0.0
-66.85,7.21,0.0
-66.85,7.46,0.0
-66.85,7.71,0.0
-66.85,7.96,0.068436
-66.85,8.21,0.124187
-66.85,8.46,0.300453
-66.85,8.71,0.226007
-66.85,8.96,0.035053
-66.85,9.21,0.0
-66.85,9.46,0.0
-66.85,9.71,0.0
-66.85,9.96,0.0
-66.85,10.21,0.0
-66.85,10.46,0.005675
-66.85,10.71,0.003338
-66.85,10.96,0.012352
-66.85,11.21,0.012352
-66.85,11.46,0.014021
-66.85,11.71,0.025372
-66.85,11.96,0.100485
-66.85,12.21,0.100819
-66.85,12.46,0.406946
-66.6,-4.29,0.733104
-66.6,-4.04,0.886335
-66.6,-3.79,0.912041
-66.6,-3.54,0.688704
-66.6,-3.29,0.355202
-66.6,-3.04,0.100485
-66.6,-2.79,0.082791
-66.6,-2.54,0.014689
-66.6,-2.29,0.003005
-66.6,-2.04,0.0
-66.6,-1.79,0.0
-66.6,-1.54,0.0
-66.6,-1.29,0.0
-66.6,-1.04,0.0
-66.6,-0.79,0.002337
-66.6,-0.54,0.003338
-66.6,-0.29,0.000668
-66.6,-0.04,0.0
-66.6,0.21,0.0
-66.6,0.46,0.0
-66.6,0.71,0.0
-66.6,0.96,0.000334
-66.6,1.21,0.002003
-66.6,1.46,0.001669
-66.6,1.71,0.001002
-66.6,1.96,0.0
-66.6,2.21,0.000334
-66.6,2.46,0.000668
-66.6,2.71,0.006343
-66.6,2.96,0.016692
-66.6,3.21,0.023035
-66.6,3.46,0.016024
-66.6,3.71,0.008346
-66.6,3.96,0.002337
-66.6,4.21,0.000334
-66.6,4.46,0.002337
-66.6,4.71,0.002337
-66.6,4.96,0.003338
-66.6,5.21,0.006677
-66.6,5.46,0.010683
-66.6,5.71,0.003338
-66.6,5.96,0.000334
-66.6,6.21,0.0
-66.6,6.46,0.0
-66.6,6.71,0.0
-66.6,6.96,0.0
-66.6,7.21,0.0
-66.6,7.46,0.0
-66.6,7.71,0.00434
-66.6,7.96,0.102154
-66.6,8.21,0.202972
-66.6,8.46,0.271075
-66.6,8.71,0.162244
-66.6,8.96,0.017026
-66.6,9.21,0.0
-66.6,9.46,0.0
-66.6,9.71,0.0
-66.6,9.96,0.0
-66.6,10.21,0.000668
-66.6,10.46,0.018695
-66.6,10.71,0.010015
-66.6,10.96,0.016024
-66.6,11.21,0.078118
-66.6,11.46,0.083125
-66.6,11.71,0.071441
-66.6,11.96,0.183944
-66.6,12.21,0.148891
-66.6,12.46,0.408282
